id,domain,status,purchase_price,renewal_price,attractiveness,demand,length,registrar,created_at,expires_at,status_verified_at
d2ed2859-30bb-4d02-94b1-dadebf6322fb,ciliary.band,available,17.48,39.98,medium,low,7,namecheap,,,12/08/2026 08:04
77fcea54-658c-4ab1-9d7d-9ff4ee5ca9af,distal.band,available,17.48,39.98,medium,low,6,namecheap,,,14/08/2026 13:03
850eefcb-7c31-4040-9099-7ec9ac709cc6,digestible.band,available,17.48,39.98,medium,low,10,namecheap,,,14/08/2026 07:14
10e055ea-ed5f-46b2-a42b-4b816debf9d0,departure.band,available,17.48,39.98,high,low,9,namecheap,,,08/09/2026 12:08
cf7ab522-2c22-45b5-ab69-622274b5cb77,bhutani.band,available,17.48,39.98,medium,low,7,namecheap,,,09/08/2026 18:26
4f2c5c6d-9fad-4b5b-b667-a0dffbde3b0a,ibidem.band,available,17.48,39.98,medium,low,6,namecheap,,,15/09/2026 01:34
a3ecfdfa-e619-4d82-995a-fb2652ad3864,activase.band,available,20.99,31.49,medium,low,8,namesilo,,,17/09/2026 05:09
87f988de-ecc4-4f61-957a-cbcd696c414b,whore.band,available,29.99,41.99,high,low,5,name.com,,,13/08/2026 14:16
6ba5ba17-b3e4-4059-9c24-1e9f20b07342,extempore.band,available,17.48,39.98,medium,low,9,namecheap,,,
b1d16502-ff25-46a9-adf5-ceb09c910b19,virile.band,available,17.48,39.98,high,low,6,namecheap,,,13/09/2026 06:04
a993fe32-1557-4151-9b0f-7d3d0de1126f,dented.band,available,17.48,39.98,medium,low,6,namecheap,,,13/08/2026 09:08
765f01fb-1d3d-478c-8004-bd5a7b07a271,spiny.band,available,17.48,39.98,medium,low,5,namecheap,,,08/08/2026 17:49
9457d96e-3b4a-4fdf-9b7d-a73c38facfa7,braces.band,available,20.99,31.49,high,low,6,namesilo,,,24/09/2026 07:52
c33440cd-956a-4981-b693-86c38527a79f,migrant.band,available,17.48,39.98,high,low,7,namecheap,,,24/08/2026 22:47
0b1adfd8-355c-4ade-9c42-30c0a5d2f457,wine.band,premium,78.54,78.54,high,low,4,namesilo,,,27/09/2026 06:58
9ba25455-ac50-42ad-861c-e9345df8099c,babyish.band,available,17.48,39.98,medium,low,7,namecheap,,,08/08/2026 03:53
f57e4685-e946-41e7-922d-dc29a5d6c1c0,airlike.band,available,17.48,39.98,medium,low,7,namecheap,,,
4f54f84e-80ed-4d05-a959-b9c978d349a1,level.band,available,17.48,39.98,high,medium,5,namecheap,,,24/09/2026 15:32
262499ac-b504-4c6f-a4ad-ec8e97d720ac,venezuelan.band,available,17.48,39.98,high,low,10,namecheap,,,13/09/2026 02:04
27a2520c-9795-4bf8-afa7-79938c9c473a,broiled.band,available,17.48,39.98,medium,low,7,namecheap,,,11/08/2026 05:19
1b293332-95dd-422a-9b62-1005ae46dd5d,currently.band,available,29.99,,high,low,9,name.com,,,
4f12c99d-a827-4aa7-bcbf-ad29723ed9bf,belongs.band,available,17.48,39.98,medium,low,7,namecheap,,,25/09/2026 20:38
ea511eea-3b9a-4c54-a472-89c2f94ef3f1,agal.band,available,17.48,39.98,medium,low,4,namecheap,,,17/09/2026 16:00
17e73b51-0dd0-42c1-9f69-50ed6d2a9a4b,infidel.band,available,17.48,39.98,medium,low,7,namecheap,,,18/08/2026 21:58
9ae20591-0a58-474b-8f70-f169950a53f8,agenesis.band,available,20.99,31.49,medium,low,8,namesilo,,,17/09/2026 17:08
c3b25d01-ae80-488a-bda3-34a8e6122e82,paris.band,premium,1107,1107,high,low,5,namesilo,,,24/09/2026 12:17
7014b94a-0261-4d0b-943d-80139f23d263,froze.band,available,29.99,,medium,low,5,name.com,,,
2e7a4235-9a53-4a65-9b74-4a4897db5c1b,elevator.band,available,20.99,31.49,high,low,8,namesilo,,,25/09/2026 05:22
b0482c0f-6b06-4ab1-a479-7b038d9a1fdb,abby.band,available,20.99,31.49,high,low,4,namesilo,,,27/09/2026 07:09
f4ffc8d9-8d8f-4984-8d2c-0f676542dca4,barricade.band,available,20.99,31.49,medium,low,9,namesilo,,,22/09/2026 08:32
36bd30ac-ea5c-49fb-a1ce-5a8689311ae2,calciferol.band,available,29.99,41.99,medium,low,10,name.com,,,13/08/2026 15:07
22e55149-335e-4759-8f65-4b73a33c6f72,unladylike.band,available,17.48,39.98,medium,low,10,namecheap,,,12/09/2026 14:39
970b2464-a1f2-412a-accd-968c04c09875,attosecond.band,available,20.99,31.49,medium,low,10,namesilo,,,21/09/2026 02:11
a8afbdbd-f52d-43c1-883f-ac234f9c63bd,humid.band,available,17.48,39.98,high,low,5,namecheap,,,21/08/2026 15:17
df43c6a5-c91f-4f93-a1ce-2522534d9ef7,asystole.band,available,17.48,39.98,medium,low,8,namecheap,,,20/09/2026 18:57
a25d3efb-f55d-4060-8ac9-2e4dcd467bb4,heatable.band,available,17.48,39.98,medium,low,8,namecheap,,,21/08/2026 02:15
03756414-fb6b-4de2-a558-171f377f755f,ergodic.band,available,17.48,39.98,medium,low,7,namecheap,,,17/08/2026 12:09
a49995c6-a3de-4484-9cac-0f0f79b2cc44,galactic.band,available,17.48,39.98,high,low,8,namecheap,,,18/08/2026 19:35
5f330ee3-9a97-484c-9af4-ff5602848978,unbeaten.band,available,17.48,39.98,high,low,8,namecheap,,,12/09/2026 01:45
82c95cac-4ba3-49f1-8524-8e4c90e12c60,sylvia.band,available,16.27,25.9,high,low,6,dynadot,,,27/09/2026 19:08
afb9ee79-a7c2-4a6e-888f-015e01648991,acherontic.band,available,17.48,39.98,medium,low,10,namecheap,,,
2d2c23ac-e40d-4da2-aff1-d5a3afb22b95,deeds.band,available,15.73,25.04,high,low,5,spaceship,,,27/09/2026 12:56
1c75fa65-bfa2-457b-a029-084105cf4c58,tethys.band,available,17.48,39.98,medium,low,6,namecheap,,,19/09/2026 17:56
b9b4f215-4506-47ab-916f-660e4d17c258,expedition.band,available,29.99,,high,low,10,name.com,,,
e3f13963-0582-42c3-b06c-54b805e4b82d,attainable.band,available,20.99,31.49,high,low,10,namesilo,,,19/09/2026 04:15
b665ee1f-6fcd-46a5-a5cf-80240b375ea9,camel.band,available,15.73,25.04,high,low,5,spaceship,,,28/09/2026 01:20
0257154e-555e-43c0-996f-522b967ac8ab,albacore.band,available,20.99,31.49,high,low,8,namesilo,,,18/09/2026 02:20
c5f8f854-8200-4e5a-82db-1c5ae8070ad6,analgesia.band,available,20.99,31.49,medium,low,9,namesilo,,,19/09/2026 01:49
a6309a35-9f78-4e42-a5c7-fcd06c053125,rudiment.band,available,20.99,31.49,medium,low,8,namesilo,,,16/09/2026 14:36
b179320c-d62c-4f59-ac83-07607259ddad,grating.band,available,17.48,39.98,high,low,7,namecheap,,,20/08/2026 18:26
2f6ecf5b-0049-41aa-bc3f-ee96d9f9b708,award.band,available,20.99,31.49,high,low,5,namesilo,,,27/09/2026 06:31
dd88c798-5501-4695-bb71-2d42386ee183,canorous.band,available,17.48,39.98,medium,low,8,namecheap,,,11/08/2026 17:35
e74bf3f9-5c94-4999-bdea-9a2feb593e2c,camera.band,available,29.99,,high,low,6,name.com,,,
fc2c6c40-b54f-40f5-9ea0-05d8dc009faf,prize.band,available,17.48,39.98,high,low,5,namecheap,,,12/08/2026 06:35
4689e535-2929-4f6b-abf8-e9a603142341,crows.band,available,20.99,31.49,high,low,5,namesilo,,,20/09/2026 17:41
9e1dce1b-3983-485a-980e-175b985c90f4,kitchen.band,available,29.99,,high,low,7,name.com,,,
c9724ad3-62c4-4f76-9d5e-6e2553f4670d,idyll.band,available,17.48,39.98,high,low,5,namecheap,,,08/09/2026 10:11
075e2a30-c820-40e5-a449-72028c21ec2c,hypnotic.band,available,17.48,39.98,high,low,8,namecheap,,,21/08/2026 17:07
f7263176-1516-4ae7-ada2-32039480a5de,without.band,available,29.99,,high,low,7,name.com,,,
fccffab6-c124-4e8e-bd26-1866c187b988,widow.band,available,20.99,31.49,high,low,5,namesilo,,,27/09/2026 05:54
82313195-b9a5-4b1d-91dd-6de268a31b85,agreeable.band,available,20.99,31.49,high,low,9,namesilo,,,21/09/2026 23:17
565d7592-03c5-472d-8492-614445596642,keyrings.band,available,20.99,31.49,medium,low,8,namesilo,,,20/09/2026 12:08
c693d7ad-0a98-4b8e-864c-0c36e39fd1bf,connolly.band,available,17.48,39.98,high,low,8,namecheap,,,25/09/2026 22:17
7dd37c1d-4427-46a5-b751-c98d3e6c63fc,eddie.band,available,29.99,,high,low,5,name.com,,,
802e2a12-c3da-4cc0-a085-e8552a20dfc3,finespun.band,available,17.48,39.98,medium,low,8,namecheap,,,18/08/2026 04:51
d6496cbd-b6d2-4645-9c1d-127cadf78d4b,assertive.band,available,17.48,39.98,medium,low,9,namecheap,,,07/08/2026 05:59
0facb784-9259-4d7d-8ea1-77327c2dc4a4,duchess.band,available,29.99,,high,low,7,name.com,,,
14664374-df37-4666-b01e-77bf51d9a9f3,rostrum.band,available,17.48,39.98,medium,low,7,namecheap,,,18/09/2026 17:15
cb17b80d-6283-4e3b-bbe5-80e8aa68c535,hadean.band,available,17.48,39.98,medium,low,6,namecheap,,,20/08/2026 21:32
c242f014-44d1-410b-a791-edab5aa74897,expedite.band,available,29.99,,high,low,8,name.com,,,
9b295125-1004-4547-87f5-fdafaee9cc30,markov.band,available,20.99,31.49,high,low,6,namesilo,,,19/09/2026 04:17
25fefe97-46d3-4222-9be5-048de7976a9f,contend.band,available,29.99,,high,low,7,name.com,,,
2c07b05c-8223-4d8b-ac69-e3f793653c6d,wallow.band,available,20.99,31.49,medium,low,6,namesilo,,,23/09/2026 16:37
9057369f-d48f-4f4b-ac3e-4ba0998e7afd,clementine.band,available,20.99,31.49,high,low,10,namesilo,,,24/09/2026 15:33
f9e064cb-0f54-4c76-b548-9d6eb87111fc,lecherous.band,available,17.48,39.98,medium,low,9,namecheap,,,22/08/2026 22:17
034c7436-3e37-4d34-b879-0ae2ca28a68b,muscular.band,available,17.48,39.98,high,low,8,namecheap,,,11/08/2026 02:50
ca29a0c6-b538-4889-af84-04e3bda342a2,horns.band,available,20.99,31.49,medium,low,5,namesilo,,,17/09/2026 08:11
9e6e7c82-8845-4d8a-bd92-939ad6a02c79,excitable.band,available,17.48,39.98,medium,low,9,namecheap,,,17/08/2026 16:22
55e65ee8-f9e3-4a5e-aaef-21a9a4dc73af,equivalent.band,available,20.99,31.49,high,low,10,namesilo,,,24/09/2026 14:50
f554d438-8117-4c5c-8649-b812c4b22b98,geometric.band,available,17.48,39.98,high,low,9,namecheap,,,18/08/2026 22:32
af7e8406-bd26-4d5e-a941-d7191376d122,grandmothers.band,available,17.48,39.98,medium,low,12,namecheap,,,20/09/2026 18:06
10de2009-acf9-4f3e-a1a1-0204ff28eff4,annotated.band,available,29.99,,high,low,9,name.com,,,
918fe9b2-4236-45da-aeea-29a1c170fdb7,tablets.band,available,20.99,31.49,high,low,7,namesilo,,,18/09/2026 15:46
e8014d08-4b04-44b2-8164-ec7ab974f46c,scandium.band,available,20.99,31.49,medium,low,8,namesilo,,,20/09/2026 22:34
1d365060-93e6-4c63-b7d4-470e2b768961,aspidistra.band,available,20.99,31.49,medium,low,10,namesilo,,,20/09/2026 15:15
72279d57-b836-4c56-9411-6a1fdfbbdb42,unassured.band,available,17.48,39.98,medium,low,9,namecheap,,,12/09/2026 01:14
a5f4c808-39b4-4ef8-a94b-87d0de487446,tyrolean.band,available,17.48,39.98,medium,low,8,namecheap,,,11/09/2026 22:33
857a6294-bcf8-4a64-9805-80d024c237d2,external.band,available,17.48,39.98,high,low,8,namecheap,,,17/08/2026 19:09
3f136896-347c-4994-9753-7f522d47d1af,fascinate.band,available,29.99,,high,low,9,name.com,,,
da19d991-a490-4a9e-b0fe-6695bd58cdf2,tunica.band,available,20.99,31.49,medium,low,6,namesilo,,,17/09/2026 10:35
a039e270-165a-450a-a647-d7e3b59282a4,ounce.band,resell,,,high,low,5,"GoDaddy.com, LLC",28/08/2024 19:20,28/08/2027 19:20,26/09/2026 07:57
86894468-7aec-4a70-a803-af08b265ffd5,banshee.band,available,20.99,31.49,high,low,7,namesilo,,,22/09/2026 03:09
1564eb81-b5d9-44be-8d7b-f6c57ab1d912,ole.band,available,29.99,,high,low,3,name.com,,,
3106d9c7-0017-4b4a-8740-c8adbe046963,whacked.band,available,17.48,39.98,medium,low,7,namecheap,,,13/09/2026 11:08
b5087a7c-efd3-4e42-baed-ae7fc13a92d3,purpose.band,available,20.99,31.49,high,low,7,namesilo,,,25/09/2026 09:59
fdd76719-4d9a-4cfd-aaa2-5dc833f27d89,taylor.band,available,29.99,,high,low,6,name.com,,,
dc039d83-ea90-4fb2-992d-560215ad5321,fernando.band,available,20.99,31.49,high,low,8,namesilo,,,25/09/2026 14:20
5abe599b-44a7-472e-939b-a0db2a7f7378,sampson.band,available,20.99,31.49,medium,low,7,namesilo,,,27/09/2026 01:42
bf9b2efa-685f-4070-8b50-522b8b0c8937,beachwear.band,available,17.48,39.98,high,low,9,namecheap,,,22/09/2026 19:10
d1d0fad9-9cff-4c69-954e-ed41f918521c,travis.band,premium,85.8,85.8,high,low,6,namecheap,,,25/09/2026 13:01
e36453a9-2e83-4e49-b490-06b575fbf8ba,gettable.band,available,17.48,39.98,medium,low,8,namecheap,,,18/08/2026 23:02
a67d4dca-95c4-4c40-8fac-ee3a0d5c846d,fund.band,premium,118.8,118.8,high,low,4,namesilo,,,23/09/2026 16:38
2d5b4992-9252-42c8-af12-e1a6fc5229e4,weakest.band,available,29.99,,medium,low,7,name.com,,,
593d26b3-1189-4ebc-bac5-0c85177d9fb8,ensemble.band,premium,118.8,118.8,high,low,8,namesilo,,,16/09/2026 09:22
fc2b96a5-97a9-4ab3-8c17-e290b4388f72,sweetsop.band,available,20.99,31.49,medium,low,8,namesilo,,,19/09/2026 10:27
291a28c6-f55a-42bf-b645-d115c4c3d903,tenderly.band,available,17.48,39.98,high,low,8,namecheap,,,16/09/2026 08:17
eba1d984-08ec-4bca-bb03-389794caab36,astronaut.band,available,17.48,39.98,high,low,9,namecheap,,,20/09/2026 17:56
ee30c7bf-721f-4965-9acf-aeb86abd251f,bladed.band,available,17.48,39.98,medium,low,6,namecheap,,,10/08/2026 12:14
fbfc7da9-ed58-4433-8af2-49523c559b6b,stalls.band,available,17.48,39.98,medium,low,6,namecheap,,,10/09/2026 17:59
fefad70b-914f-4edc-b69d-016af94ac19d,improvised.band,available,17.48,39.98,high,low,10,namecheap,,,21/08/2026 23:19
e369c233-31f7-4fcd-8e8a-a6ebb9d69fb0,but.band,available,20.99,31.49,high,low,3,namesilo,,,25/09/2026 12:23
23218426-30a4-41ca-ab09-0a50bd4c3cf1,connect.band,premium,118.8,118.8,high,medium,7,namesilo,,,07/08/2026 07:16
0fffb7e1-d215-4699-b505-1f934317cada,islands.band,available,29.99,,high,low,7,name.com,,,
8bc839eb-cf73-4b4b-a115-8361c01f9870,tricky.band,available,17.48,39.98,high,low,6,namecheap,,,11/08/2026 21:23
21d1b8cd-7ba7-4950-8f1b-bdeb62b5eb0f,recessive.band,available,17.48,39.98,medium,low,9,namecheap,,,09/09/2026 11:25
81ebffc6-1bb9-4dfc-b3ea-45aadeaf6175,angelica.band,available,20.99,31.49,high,low,8,namesilo,,,19/09/2026 05:57
3eb4388f-da45-4b4c-aa87-cc38ba376eb1,parochial.band,available,17.48,39.98,medium,low,9,namecheap,,,08/09/2026 01:46
1cc6d231-ca2a-490f-b0b8-996ac94f421e,wonderful.band,available,20.99,31.49,high,low,9,namesilo,,,25/09/2026 00:23
661dfa7c-4183-478c-8f99-affe5209c78a,selection.band,available,17.48,39.98,high,low,9,namecheap,,,12/08/2026 06:37
09c49240-a235-4d29-8211-4550b8053837,sunshine.band,available,20.99,31.49,high,low,8,namesilo,,,27/09/2026 02:06
590e531a-0c47-4bd9-894e-e481e6983065,dslr.band,available,29.99,,high,low,4,name.com,,,
2ad72411-36bc-4658-96f0-0bd62b6b3f01,politicians.band,available,20.99,31.49,medium,low,11,namesilo,,,19/09/2026 23:03
8d4c1681-e6a3-49bb-b7d1-60b118360a3e,aery.band,available,17.48,39.98,high,low,4,namecheap,,,
b5667510-723d-4f75-bb6d-0f1cef7d634e,theft.band,available,17.48,39.98,high,low,5,namecheap,,,08/09/2026 07:55
813775c6-8033-4a7d-b57b-a579add8c7a8,submersed.band,available,17.48,39.98,medium,low,9,namecheap,,,10/09/2026 23:32
f587b020-2415-48cb-839e-4f888f63e037,gushy.band,available,17.48,39.98,high,low,5,namecheap,,,20/08/2026 21:03
e8528553-4054-48b8-951c-837c5d7f16e0,overwhelmed.band,available,29.99,,medium,low,11,name.com,,,
c0dd8b60-8c42-44f1-ae9f-36e03b01dd68,tabby.band,available,17.48,39.98,high,low,5,namecheap,,,23/09/2026 09:31
84fa683b-0537-4545-8340-9057e9eb5251,bifocals.band,available,20.99,31.49,high,low,8,namesilo,,,23/09/2026 13:53
d2b80ecd-c563-437d-83c9-8f10615c6e3b,alkeran.band,available,20.99,31.49,medium,low,7,namesilo,,,18/09/2026 08:31
24608770-6466-49b3-9876-fab85a53b57d,ancients.band,available,20.99,31.49,high,low,8,namesilo,,,19/09/2026 03:51
f5029672-f478-4eed-8224-5d0dddb2681f,rusty.band,available,17.48,39.98,high,low,5,namecheap,,,04/09/2026 18:46
b994c638-0736-47e3-b8bf-cbb3370619ad,unsorted.band,available,17.48,39.98,medium,low,8,namecheap,,,12/09/2026 04:50
2ac0f802-39a5-444f-812b-17b3d40841b5,proved.band,available,20.99,31.49,high,low,6,namesilo,,,27/09/2026 07:48
41715152-b014-436e-863a-452d02c6ac2a,diehard.band,available,17.48,39.98,medium,low,7,namecheap,,,11/09/2026 18:42
48bb3731-451b-4169-aa81-d52ef150f676,bad.band,premium,123.75,123.75,high,medium,3,name.com,,,22/09/2026 16:05
9f618bc8-39ea-41ad-9b83-476e9d679289,death.band,premium,118.8,118.8,high,low,5,namesilo,,,24/09/2026 12:39
57bb7c3e-9c6c-4d72-92fb-a7ec0f5e9fbe,hill.band,available,29.99,,high,low,4,name.com,,,
c7cd3be2-7c9e-4b7a-a835-0c38a57ee5ea,provencal.band,available,17.48,39.98,medium,low,9,namecheap,,,09/09/2026 04:28
ebb88a27-3659-43de-b67c-fe1ccf08a217,finer.band,available,17.48,39.98,high,low,5,namecheap,,,18/08/2026 04:49
ccd500af-736b-40d1-b8a7-4b863b01b4c0,prototypes.band,available,20.99,31.49,medium,low,10,namesilo,,,21/09/2026 06:44
10a2f748-94b8-4e01-b04b-5e850527aec3,portuguese.band,available,17.48,39.98,high,low,10,namecheap,,,25/09/2026 15:43
663e29f7-b51e-47b9-9259-3399f75b422a,devalued.band,available,17.48,39.98,medium,low,8,namecheap,,,14/08/2026 05:02
8351c310-1464-467f-a17e-b35f5298f288,squall.band,available,29.99,,medium,low,6,name.com,,,
8729d15e-a632-4363-9598-c373232964c6,sip.band,available,29.99,,high,low,3,name.com,,,
d3725637-23fa-4d42-bd42-a81f80690fd3,pack.band,available,20.99,31.49,high,low,4,namesilo,,,23/09/2026 16:28
70648185-1f99-4599-923c-1f0b929ca65e,barony.band,available,20.99,31.49,medium,low,6,namesilo,,,22/09/2026 07:36
4838fb5c-c728-456e-b2f5-702dc876be5f,sid.band,available,20.99,31.49,high,low,3,namesilo,,,25/09/2026 12:52
4495a066-e526-4ee6-a6f2-9d37df178612,blues.band,premium,1107,1107,high,low,5,namesilo,,,
6ca4cf1b-dfb6-4fba-9951-9d506996c7da,camomile.band,available,20.99,31.49,medium,low,8,namesilo,,,19/09/2026 13:02
31989bd8-af89-4015-88ca-c4ea09115402,ovarian.band,available,17.48,39.98,medium,low,7,namecheap,,,04/09/2026 19:55
ae35bf4d-34b2-423b-aab8-8c6e7eecc8c9,tufted.band,available,17.48,39.98,medium,low,6,namecheap,,,11/08/2026 13:14
43e2f7f7-0dd2-4d35-9ca3-e836b6da473f,stooping.band,available,17.48,39.98,medium,low,8,namecheap,,,21/08/2026 15:34
e64361db-d10e-4934-817c-9ac56ad471c7,numerate.band,available,17.48,39.98,medium,low,8,namecheap,,,03/09/2026 22:56
76fd2866-9f64-4648-bd0c-cae883ebcbcd,binnacle.band,available,20.99,31.49,medium,low,8,namesilo,,,23/09/2026 17:36
8be886a6-0fb9-46fa-b8ca-af4776d9b1fc,wraps.band,available,17.48,39.98,medium,low,5,namecheap,,,20/09/2026 11:16
2d42a339-a3a7-4db8-b8b4-ed6038cc14df,grimly.band,available,17.48,39.98,medium,low,6,namecheap,,,14/09/2026 22:25
3675db28-cf45-4cb8-a65d-b2561bb7c426,biotite.band,available,17.48,39.98,medium,low,7,namecheap,,,23/09/2026 19:13
7160fdb2-5cce-418f-adc7-dd051eecd4ce,scallops.band,available,20.99,31.49,medium,low,8,namesilo,,,19/09/2026 23:48
7a80b074-715d-4172-85ce-c6fd55662ab3,hurried.band,available,17.48,39.98,medium,low,7,namecheap,,,21/08/2026 15:45
dceb12bb-bd9d-4321-9f22-079d8e35e627,serves.band,available,20.99,31.49,medium,low,6,namesilo,,,18/09/2026 11:42
26368044-ad8b-4e2f-b7a5-51b22c7eb02d,barbuda.band,available,20.99,31.49,medium,low,7,namesilo,,,22/09/2026 05:04
0ae53104-8c63-4bd8-9c32-ecfcf09a1c43,forgive.band,available,29.99,,high,low,7,name.com,,,
1b4d988c-6929-4330-bb30-781c87063eaa,oxycontin.band,available,17.48,39.98,medium,low,9,namecheap,,,20/09/2026 00:25
1f40baf2-aa54-4d65-9b2a-06b805af8024,kidnapped.band,available,20.99,31.49,medium,low,9,namesilo,,,27/09/2026 03:07
3c777c50-abd1-41d6-9291-cb5777082f38,neglect.band,available,29.99,,high,low,7,name.com,,,
f1108a28-1f62-4e6a-8151-ddedb3329386,cosmologic.band,available,17.48,39.98,medium,low,10,namecheap,,,13/08/2026 02:56
84c35741-61a4-4d6d-99e7-5dd83d05473a,doxepin.band,available,20.99,31.49,medium,low,7,namesilo,,,17/09/2026 06:25
e32e0b9e-3593-4a56-9ddc-b210eda133ed,quash.band,available,17.48,39.98,medium,low,5,namecheap,,,13/09/2026 06:42
0c3c0482-3e01-45b4-b2bd-f0d95dbffb64,engaged.band,available,17.48,39.98,high,low,7,namecheap,,,10/08/2026 19:07
912e5ee6-e148-4e60-89b6-238a2ff7d00e,unflavored.band,available,17.48,39.98,medium,low,10,namecheap,,,03/09/2026 19:15
6a5e2849-83aa-4195-9b98-bf88833efd6f,corded.band,available,17.48,39.98,medium,low,6,namecheap,,,13/08/2026 00:57
21926d69-4464-4a7d-9367-6e3bad2243d6,carob.band,available,17.48,39.98,medium,low,5,namecheap,,,18/09/2026 06:50
ab0d5b4b-e8e3-4a2a-8281-15e1602cf47d,wrathful.band,available,17.48,39.98,medium,low,8,namecheap,,,13/09/2026 13:36
5a660315-9f2d-4477-bf4b-212ccb4d9d24,oklahoma.band,premium,1107,1107,high,low,8,namesilo,,,26/09/2026 00:08
71914b82-96aa-4641-af93-994383a5b052,synaptic.band,available,17.48,39.98,high,low,8,namecheap,,,11/09/2026 06:09
729d7275-b5f8-44cd-b45e-863ac49f357d,contagious.band,available,17.48,39.98,high,low,10,namecheap,,,11/08/2026 21:18
74cb550b-3ae5-4b5a-9134-edbe003d2e9a,cappuccino.band,available,29.99,,high,low,10,name.com,,,
ad342243-fdd9-4cdc-8fb5-e74eaf391a90,assumed.band,available,17.48,39.98,medium,low,7,namecheap,,,07/08/2026 07:45
4cde116e-e4d5-4f90-84bd-546546e7c3c8,vitamins.band,available,20.99,31.49,high,low,8,namesilo,,,19/09/2026 23:20
b308bd0c-aeec-4cb2-99d2-9ddce1889a5f,allie.band,available,20.99,31.49,high,low,5,namesilo,,,17/09/2026 22:42
1818f383-e648-4017-bed6-1d2b345791e0,ravenna.band,available,20.99,31.49,medium,low,7,namesilo,,,22/09/2026 15:51
b26208d8-42d1-416f-8b63-fa61c83aa6d0,paleozoic.band,available,17.48,39.98,medium,low,9,namecheap,,,04/09/2026 23:39
1ad65d12-46a3-46a8-aea9-bc8f3fb2f310,undersexed.band,available,17.48,39.98,medium,low,10,namecheap,,,12/09/2026 07:31
2f22dd26-5fab-4d8d-be07-7407c444bba6,copular.band,available,17.48,39.98,medium,low,7,namecheap,,,13/08/2026 00:38
006d4850-dc4b-46a8-87e5-1551cc697388,ninety.band,available,17.48,39.98,high,low,6,namecheap,,,
5f2cd702-8544-447c-8d04-7cf6684033c5,allegation.band,available,20.99,31.49,high,low,10,namesilo,,,18/09/2026 10:09
dca6e36f-d0a2-4063-943e-ca8d617ae241,ascription.band,available,20.99,31.49,medium,low,10,namesilo,,,20/09/2026 13:27
9d67dc41-7422-4ccb-8eb0-56f8f5ed0af8,loamy.band,available,17.48,39.98,medium,low,5,namecheap,,,24/08/2026 08:15
a79764e4-9fd6-42f4-ae41-96cdc4fd4f4c,numbat.band,available,17.48,39.98,medium,low,6,namecheap,,,22/09/2026 01:07
80e04828-807d-4222-bed0-5d3a532cbc71,contention.band,available,20.99,31.49,medium,low,10,namesilo,,,20/09/2026 04:48
bef32118-3fc8-43c5-b2a0-fbce5f3c8749,sociably.band,available,17.48,39.98,medium,low,8,namecheap,,,14/09/2026 22:21
d4287fa7-9753-49be-9a23-91325e45c763,selfaware.band,available,17.48,39.98,medium,low,10,namecheap,,,10/09/2026 02:00
ef9ece1c-d173-41fc-b9ad-6f37496b6c5a,bonkers.band,available,17.48,39.98,medium,low,7,namecheap,,,06/08/2026 20:40
6c2b454a-3eff-4c2c-aefd-0d6c3cd045f9,instruct.band,available,29.99,,high,low,8,name.com,,,
1c12b214-ccd0-466d-8472-962a1696e358,hates.band,available,20.99,31.49,low,low,5,namesilo,,,27/09/2026 23:03
863753ae-fbda-4359-b139-b6017e203b73,ransacked.band,available,17.48,39.98,medium,low,9,namecheap,,,24/08/2026 09:49
a6b44331-6b7b-4cea-af3c-4f21387bc60b,disgraced.band,available,17.48,39.98,medium,low,9,namecheap,,,14/08/2026 10:21
ed368b49-685e-4f37-8310-41c96b7069c0,unbridled.band,available,17.48,39.98,high,low,9,namecheap,,,12/09/2026 04:31
beb12df8-3990-483e-be9a-59d4227d64a5,masculine.band,available,20.99,31.49,high,low,9,namesilo,,,25/09/2026 17:05
df50b075-e750-4320-b125-1c6ab2c24a65,denis.band,available,20.99,31.49,high,low,5,namesilo,,,25/09/2026 15:03
fc087c97-8b0f-4f4f-ba33-208e9719b71e,smashing.band,available,17.48,39.98,high,low,8,namecheap,,,08/08/2026 12:53
5a9deea7-ebca-47f9-9345-b90b2bb96eb5,ambience.band,available,20.99,31.49,high,low,8,namesilo,,,18/09/2026 16:42
86c7e8ce-0e73-4548-a8d7-e984ffaf78d6,snowballs.band,available,20.99,31.49,medium,low,9,namesilo,,,19/09/2026 21:49
97468b1d-d8bf-4857-ad35-4536ef0ee0e2,unloaded.band,available,17.48,39.98,medium,low,8,namecheap,,,12/09/2026 15:03
92563d34-7b54-4c56-b131-ed3c7bd387cd,goddess.band,available,20.99,31.49,high,low,7,namesilo,,,27/09/2026 13:50
db4c9714-c864-4a61-99c8-eddd5c1e6366,eolithic.band,available,17.48,39.98,medium,low,8,namecheap,,,17/08/2026 10:10
b3dc0d76-ed3f-491f-a5c3-e41acef8e2cb,agnes.band,available,20.99,31.49,high,low,5,namesilo,,,25/09/2026 14:30
e50a9a5d-d44b-4fab-bc85-beaa78a03046,invariant.band,available,17.48,39.98,high,low,9,namecheap,,,12/08/2026 22:54
dbf13936-6edd-4b7d-a057-40eb2d8a7d41,patton.band,available,17.48,39.98,high,low,6,namecheap,,,25/09/2026 16:06
e9f9e6d5-0063-4249-9934-e5d262c84b30,desirable.band,available,17.48,39.98,high,low,9,namecheap,,,14/08/2026 03:47
b95934c7-235c-4039-8015-c74ab9a35af2,untilled.band,available,17.48,39.98,medium,low,8,namecheap,,,12/09/2026 21:24
a9dd35f2-499f-4c9a-84d6-51c5298e57b9,balky.band,available,17.48,39.98,medium,low,5,namecheap,,,08/08/2026 09:55
34acc92f-d54c-4a47-86bf-20c5b4a1c637,laughter.band,available,29.99,,high,low,8,name.com,,,
bf9aa316-a7f8-427c-8218-9990b2639856,extended.band,available,17.48,39.98,high,low,8,namecheap,,,14/08/2026 18:31
815c2efa-6ca7-46e7-bc18-573df8cc78d3,accuser.band,available,29.99,,medium,low,7,name.com,,,
7690ecce-8bf1-485a-8f7d-b42f11fdb581,hancock.band,available,20.99,31.49,high,low,7,namesilo,,,25/09/2026 06:51
0c880127-6617-437e-959a-31798f9adafa,spick.band,available,17.48,39.98,medium,low,5,namecheap,,,21/08/2026 20:46
4fa4bf6f-b593-4b13-a68b-e94e78ef2c28,unoccupied.band,available,17.48,39.98,medium,low,10,namecheap,,,12/09/2026 16:09
2db23723-db20-43e5-9159-bc4e1cf7447c,tolu.band,available,20.99,31.49,medium,low,4,namesilo,,,22/09/2026 00:08
539f8030-fb37-4386-bb56-3c5c5a7bee13,allergic.band,available,20.99,31.49,high,low,8,namesilo,,,22/09/2026 01:25
53ecbd23-e378-4bae-b30a-4d280dd40478,collapses.band,available,20.99,31.49,low,low,9,namesilo,,,20/09/2026 09:36
da61489d-716b-4cfa-89b7-722fa8e8b4af,lanky.band,available,17.48,39.98,medium,low,5,namecheap,,,18/08/2026 20:11
d6444327-0aad-4329-be43-0e65bd286d23,fortuitous.band,available,17.48,39.98,high,low,10,namecheap,,,18/08/2026 12:43
940bae38-43ae-4122-96b2-9ea7bf9a3dd4,college.band,premium,1107,1107,high,low,7,namesilo,,,
f5bc0938-f005-464c-9a30-27ab597b1bea,gran.band,available,29.99,,high,low,4,name.com,,,
7da8ee97-4390-4c0f-b605-f67d72df04b1,yuman.band,available,17.48,39.98,medium,low,5,namecheap,,,13/09/2026 14:54
cf653d2e-5eda-485b-81f0-633891105d68,bps.band,available,20.99,31.49,high,low,3,namesilo,,,23/09/2026 22:46
5c320b7c-8b1a-4ee4-979c-05ceb60a2255,alary.band,available,17.48,39.98,medium,low,5,namecheap,,,
0a054f8d-8390-4104-9a05-bdbeee830e4e,apis.band,available,20.99,31.49,high,medium,4,namesilo,,,19/09/2026 17:28
856d3f10-c5a8-4458-9ec1-99fe7600523c,agonist.band,available,17.48,39.98,medium,low,7,namecheap,,,17/09/2026 18:56
3c70ed10-5e1a-4071-98c2-71f2de8600d3,basileus.band,available,20.99,31.49,medium,low,8,namesilo,,,22/09/2026 10:47
784b291a-0f9b-414b-bb61-5eac82ca696d,outwards.band,available,17.48,39.98,medium,low,8,namecheap,,,04/09/2026 19:50
9c9e657c-80ba-40b9-96bf-351b6efbc1df,mainstay.band,available,20.99,31.49,high,low,8,namesilo,,,21/09/2026 15:13
d32465ee-b29c-4552-a477-2dbd6de01a0a,neurologic.band,available,17.48,39.98,medium,low,10,namecheap,,,03/09/2026 16:16
38058574-1a6b-45e9-9270-ca1a40b44d98,spiritless.band,available,17.48,39.98,medium,low,10,namecheap,,,10/09/2026 15:54
5b59051e-9c6b-4019-bedd-e9b3bcfdff68,asbestosis.band,available,20.99,31.49,medium,low,10,namesilo,,,20/09/2026 12:56
71dce103-90b3-4338-937d-a2cede1e56ff,atrocity.band,available,20.99,31.49,medium,low,8,namesilo,,,21/09/2026 00:49
335d6534-d45d-4564-a58b-112753656628,astrologer.band,available,17.48,39.98,high,low,10,namecheap,,,20/09/2026 17:47
6e4a72dc-42b3-42e7-a009-96b3f6084d61,raiding.band,available,17.48,39.98,medium,low,7,namecheap,,,24/08/2026 15:45
b722f84e-4a5a-4b8b-939a-bdbb7114f890,giving.band,available,17.48,39.98,high,low,6,namecheap,,,09/08/2026 20:55
8a749c08-8582-4d3a-8292-0f23f99ae8ee,childlike.band,available,17.48,39.98,high,low,9,namecheap,,,12/08/2026 05:12
f4bb6167-aaa7-40bf-955a-d8eb16d7ced0,esthesis.band,available,20.99,31.49,low,low,8,namesilo,,,17/09/2026 13:28
385e98ee-262e-46b2-baba-e67a117ab478,legendary.band,premium,123.75,123.75,high,low,9,name.com,,,17/08/2026 20:13
6f78cbbb-b361-42dc-8491-4adf19e6cc72,overladen.band,available,17.48,39.98,medium,low,9,namecheap,,,04/09/2026 20:51
d387c10e-7d47-4ab2-8395-7c9231415bb4,pierce.band,available,20.99,31.49,high,low,6,namesilo,,,27/09/2026 13:38
f56641cc-ed2f-4066-b7ac-4d34f1fd2264,undeniable.band,available,17.48,39.98,high,low,10,namecheap,,,12/09/2026 07:15
cc65fffd-d65b-48c3-81b9-f9d099565f7b,firebird.band,available,20.99,31.49,high,low,8,namesilo,,,22/09/2026 00:21
8c46c3f3-9131-4571-b1ec-4338e445644d,livelong.band,available,17.48,39.98,high,low,8,namecheap,,,24/08/2026 07:57
04e01ff3-4d34-4a32-bd7e-d213c4cf87ed,glamour.band,available,17.48,39.98,high,low,7,namecheap,,,21/08/2026 07:43
dd758183-b3e3-4ecf-8ec8-f488a631f495,dreamer.band,available,20.99,31.49,high,low,7,namesilo,,,24/09/2026 23:59
244c4325-0d90-4006-be5f-881e97f24dfd,maven.band,available,17.48,39.98,high,low,5,namecheap,,,
14bedb88-4f2d-455a-b98c-5e692030d3da,fleshly.band,available,17.48,39.98,medium,low,7,namecheap,,,
52587036-dd94-41ab-b7fc-91b368ce0561,archimedes.band,available,20.99,31.49,medium,low,10,namesilo,,,20/09/2026 02:08
2f5bee74-5287-4961-8db4-d50e4534f3f3,streets.band,available,29.99,,high,low,7,name.com,,,
5561b670-07d7-420c-b208-563703603c42,harcourt.band,available,20.99,31.49,medium,low,8,namesilo,,,27/09/2026 08:10
c7b5b6fd-4dcb-4a8a-9faa-c33ac8a3eb52,belarusian.band,available,17.48,39.98,medium,low,10,namecheap,,,09/08/2026 12:32
81529558-cc31-4a77-900c-dcdc6f253cc7,punish.band,available,20.99,31.49,high,low,6,namesilo,,,27/09/2026 06:05
d3342f63-5800-4d56-acf4-d49a7d1b23b3,augean.band,available,17.48,39.98,medium,low,6,namecheap,,,07/08/2026 16:54
ffe004ec-f989-4973-b2b5-faede16dfc66,spot.band,available,29.99,,high,medium,4,name.com,,,
21b2f9ac-6fb8-46ea-8168-003456c11575,candied.band,available,17.48,39.98,medium,low,7,namecheap,,,11/08/2026 16:48
c700990c-5ec9-4659-b755-7989be5d6e66,bespoke.band,available,17.48,39.98,high,low,7,namecheap,,,09/08/2026 17:25
ffcb9089-58e0-40a7-9450-c23999f79172,extras.band,available,29.99,,medium,low,6,name.com,,,
de7dfa4c-5c8f-4ba0-abc4-3edbf1d3cd89,watercress.band,available,17.48,39.98,medium,low,10,namecheap,,,13/08/2026 06:18
29dbe12d-aa45-412a-88bb-ce6e29552f10,vargas.band,available,17.48,39.98,high,low,6,namecheap,,,27/09/2026 04:13
d970625b-0c75-4809-b770-1205b859fcb3,joyless.band,available,17.48,39.98,medium,low,7,namecheap,,,22/08/2026 14:04
2b0c2645-7614-4504-9a78-66c00aef61d1,alces.band,available,17.48,39.98,high,low,5,namecheap,,,18/09/2026 03:55
9c435b0a-7466-40e7-a06d-7041549271d2,bister.band,available,20.99,31.49,medium,low,6,namesilo,,,23/09/2026 22:08
97ddd825-81eb-43fe-81c7-eab97a406aa1,heartleaf.band,available,20.99,31.49,medium,low,9,namesilo,,,20/09/2026 12:53
bc4a93ad-330d-4a7b-829b-1da6da1c98c4,peso.band,available,20.99,31.49,high,low,4,namesilo,,,24/09/2026 14:37
10998e1f-5c07-419a-9998-a13600cc522b,refractive.band,available,17.48,39.98,medium,low,10,namecheap,,,13/08/2026 23:32
f4b46f2a-e773-4714-b791-eeae9ad6a5e9,belted.band,available,17.48,39.98,medium,low,6,namecheap,,,09/08/2026 14:02
b79c7aba-3e16-40d7-9a5d-a1e7764109f8,unexplored.band,available,17.48,39.98,medium,low,10,namecheap,,,12/09/2026 09:42
a544d9d6-f84d-4940-a7ba-29085d72e135,spots.band,available,20.99,31.49,high,low,5,namesilo,,,27/09/2026 04:00
5516a02d-7912-4f67-8dd6-5498fcfb61ba,snapping.band,available,29.99,,high,low,8,name.com,,,
16c460fb-0d59-4d06-a23c-3b8546f0593a,glossary.band,available,29.99,,high,low,8,name.com,,,
e693f643-7e2b-475e-85f8-22d161881207,decease.band,available,17.48,39.98,medium,low,7,namecheap,,,24/09/2026 19:36
5fe168d8-86ab-4ee9-a7b8-1595adf4ec3c,swimsuit.band,available,20.99,31.49,high,low,8,namesilo,,,22/09/2026 13:37
4da6c7eb-9283-48d4-becd-a5bb75472d17,voting.band,available,29.99,,high,low,6,name.com,,,
34d6c739-ad1d-4aa8-b87b-45009d0f4a5c,defence.band,available,29.99,,high,low,7,name.com,,,
7a77503c-d2f9-434f-b284-e9a4ac69e173,competence.band,available,20.99,31.49,high,low,10,namesilo,,,24/09/2026 16:46
595dfb2b-bb8c-4d34-9200-4c1ad1a1c5fd,obamacare.band,available,29.99,,medium,low,10,name.com,,,
6f664509-da7f-40f0-8155-2704aaf4d2f1,generally.band,available,29.99,,high,low,9,name.com,,,
98895365-b42e-4336-baf9-79cc0ebb1a12,overhasty.band,available,17.48,39.98,medium,low,9,namecheap,,,04/09/2026 20:44
dc2f8601-212a-4515-b651-5f9a9a229eba,caprice.band,available,20.99,31.49,high,low,7,namesilo,,,24/09/2026 12:38
f0213d0a-197c-4d6f-9c28-384c5f639ede,yall.band,available,29.99,,medium,low,4,name.com,,,
40b8628c-055c-439d-8122-f675ade3560c,trail.band,available,20.99,31.49,high,low,5,namesilo,,,25/09/2026 22:13
ecef0137-fa90-4abc-bdef-b0a7eba6f60a,schonberg.band,available,20.99,31.49,high,low,9,namesilo,,,20/09/2026 08:20
d997d0d2-c228-4842-b36a-305515106981,susan.band,available,29.99,,high,low,5,name.com,,,
0506699a-8dea-4da5-88cb-40b53c169c4c,cathouse.band,available,17.48,39.98,medium,low,8,namecheap,,,21/09/2026 18:24
39d7ee17-5fd3-4b9c-a52a-68f9e77c6452,barns.band,available,20.99,31.49,medium,low,5,namesilo,,,20/09/2026 22:46
0cd76ccb-8af3-4b97-b620-e5f177d02db7,combustive.band,available,17.48,39.98,low,low,10,namecheap,,,12/08/2026 18:42
e3dd2e00-f821-4ece-94f0-f17c0445e480,audibility.band,available,20.99,31.49,high,low,10,namesilo,,,21/09/2026 02:52
2b648731-c696-4171-8d5d-dcb339957e3f,gumptious.band,available,17.48,39.98,medium,low,9,namecheap,,,20/08/2026 20:57
3baca8dc-e784-4063-9cc4-88d3bbaa3148,anyways.band,available,17.48,39.98,medium,low,7,namecheap,,,13/09/2026 20:13
814fb18e-a44b-4dbd-be87-2bd7650f2752,resinated.band,available,17.48,39.98,medium,low,9,namecheap,,,09/09/2026 15:09
b1c506c3-d4f2-4898-be99-1627eec5ada2,fails.band,available,17.48,39.98,medium,low,5,namecheap,,,18/09/2026 00:27
775fbae0-ef57-461a-87be-26478bc7cd3a,taint.band,available,20.99,31.49,medium,low,5,namesilo,,,24/09/2026 17:39
ef7276c2-5167-4e81-ba45-482f88c40908,quarters.band,available,29.99,,high,low,8,name.com,,,
c77cb1f8-a11e-459f-97f1-cfd4b7a61d60,terrorists.band,available,20.99,31.49,medium,low,10,namesilo,,,27/09/2026 03:16
8b898636-4276-4bcd-a45c-f52441274bc8,utterly.band,available,29.99,,high,low,7,name.com,,,
1d6f2548-7baa-4b76-a545-81dee34533d7,inflatable.band,available,17.48,39.98,high,low,10,namecheap,,,22/08/2026 04:29
2e085840-30ef-41cd-b2a0-34f9c2117c24,ineffable.band,available,17.48,39.98,high,low,9,namecheap,,,22/08/2026 02:45
3d559b89-00fa-455b-a7ae-11de2937d2a7,tattooing.band,available,17.48,39.98,high,low,9,namecheap,,,18/09/2026 01:47
4ad85619-ebbc-44d9-9ea1-faf1521955a0,fervently.band,available,17.48,39.98,medium,low,9,namecheap,,,14/09/2026 18:24
605ecf56-0243-4ae1-ab2f-e6247de1b41d,pitching.band,available,29.99,,high,low,8,name.com,,,
a9b30246-4c26-4adf-ac2d-97e545be1270,learns.band,available,17.48,39.98,medium,low,6,namecheap,,,20/09/2026 05:46
84764ead-f48b-4a58-a0b4-2de36b52a4a2,replaces.band,available,20.99,31.49,medium,low,8,namesilo,,,20/09/2026 05:35
e8818124-d575-4e74-b805-7d1aff4e1510,being.band,available,20.99,31.49,high,low,5,namesilo,,,23/09/2026 04:18
1ee7d863-545a-48fb-a25c-f8f7af0440ff,twofold.band,available,17.48,39.98,medium,low,7,namecheap,,,14/08/2026 16:39
c38ceb53-d852-456b-bbc9-d5e28392937d,abysm.band,available,20.99,31.49,medium,low,5,namesilo,,,16/09/2026 19:45
a9b3cbe5-5e91-45b0-bcfd-85c67998de1c,phycology.band,available,20.99,31.49,medium,low,9,namesilo,,,18/09/2026 07:09
f2b5979f-46f8-4994-83af-71f9d570da79,tilled.band,available,17.48,39.98,medium,low,6,namecheap,,,11/09/2026 15:57
cc1a8de8-7442-4774-b85c-4e61acb7d073,tiddly.band,available,17.48,39.98,medium,low,6,namecheap,,,11/09/2026 15:36
99b1a48f-ebe9-45d9-8ab7-eca467b1e78b,detest.band,available,29.99,,medium,low,6,name.com,,,
c8a836c6-b042-4db2-83e7-79269211fd07,poet.band,available,17.48,39.98,high,low,4,namecheap,,,27/09/2026 05:01
bdaf78ed-3aff-46e1-9670-e2710f5fea79,brunette.band,available,17.48,39.98,medium,low,8,namecheap,,,11/08/2026 06:56
66b58d8c-5493-4656-bfa8-547be82340aa,overdressed.band,available,20.99,31.49,medium,low,12,namesilo,,,16/09/2026 17:42
d2382acd-0701-4824-a1ae-1c5a61e31511,zimbabwean.band,available,17.48,39.98,high,low,10,namecheap,,,13/09/2026 15:19
41dc0cf2-d5d6-4fff-b1cc-3fcb4e57cc14,dwarf.band,available,17.48,39.98,medium,low,5,namecheap,,,24/08/2026 22:31
7979e314-a8c2-4c35-9db5-fc637737c52e,titled.band,available,17.48,39.98,high,low,6,namecheap,,,13/08/2026 01:50
f944040b-6b8c-4428-98f0-f341781e2450,mosquito.band,available,29.99,,medium,low,8,name.com,,,
b436ff23-411f-4395-9597-fc3fdeb8be20,scrupulous.band,available,17.48,39.98,high,low,10,namecheap,,,12/08/2026 22:22
6e559b17-a44a-4582-bce6-6887c98ec405,seedcase.band,available,17.48,39.98,medium,low,8,namecheap,,,12/08/2026 15:07
7f139f6b-b6a8-4488-ba70-8a204e2dfbd7,bedder.band,available,17.48,39.98,medium,low,6,namecheap,,,22/09/2026 23:13
008f9efd-69d1-4638-b942-56ed29409526,prodigious.band,available,17.48,39.98,high,low,10,namecheap,,,12/08/2026 17:58
04a84c69-2212-47f3-aadf-dc56e798db84,itchy.band,available,17.48,39.98,medium,low,5,namecheap,,,05/08/2026 20:43
7fa10fbc-8666-4ebb-9bac-dd0b529e5153,rheumatoid.band,available,17.48,39.98,medium,low,10,namecheap,,,06/08/2026 23:10
15105af6-2622-49f2-aa07-9d488f5a85e8,biggish.band,available,17.48,39.98,medium,low,7,namecheap,,,09/08/2026 20:33
2f632a41-0fad-4d75-9096-acdc2bd43685,coxa.band,available,20.99,31.49,high,low,4,namesilo,,,20/09/2026 11:23
e5d52f59-6551-42ed-84cb-636b9a6da712,unredeemed.band,available,17.48,39.98,medium,low,10,namecheap,,,12/09/2026 17:55
6312f309-6552-4ee4-b76a-de4ff27573f7,volar.band,available,17.48,39.98,medium,low,5,namecheap,,,05/09/2026 00:00
59a866f4-64b9-45a2-86cb-5960185ace28,annapurna.band,available,20.99,31.49,medium,low,9,namesilo,,,19/09/2026 02:23
9dc931c2-2c99-4e82-9354-562ae9c12ecd,intro.band,available,29.99,,high,low,5,name.com,,,
15c02a01-9cde-4967-aed7-7694d1c34a89,wheedle.band,available,20.99,31.49,medium,low,7,namesilo,,,24/09/2026 04:07
ea91d1b9-e545-4edc-8090-6886fac10ac0,undeserved.band,available,17.48,39.98,medium,low,10,namecheap,,,12/09/2026 07:43
e104109a-51cb-4406-9f87-a84d3401a413,lorazepam.band,available,29.99,41.99,medium,low,9,name.com,,,20/09/2026 21:27
2cf6822e-6133-4dff-b1cd-8c8e4f69ec33,dauntless.band,available,20.99,31.49,high,low,9,namesilo,,,22/09/2026 12:12
1cee7c9a-aff4-40d5-9bd8-5afefe3261e1,vigilant.band,available,17.48,39.98,high,low,8,namecheap,,,04/09/2026 16:01
1c8db3a4-104a-478d-b71f-0de4cadb584a,tactual.band,available,17.48,39.98,medium,low,7,namecheap,,,21/08/2026 00:04
a31322d5-897e-4fa6-849c-ec72d322855d,pyramidic.band,available,20.99,31.49,medium,low,9,namesilo,,,09/09/2026 06:57
18a41ef0-6f2d-4bea-85f7-52581aa2256f,rock.band,premium,1107,1107,high,low,4,namesilo,,,28/09/2026 00:59
183d7980-b54c-4cc2-89b5-d44de9ba8013,vitalizing.band,available,17.48,39.98,medium,low,10,namecheap,,,23/08/2026 01:35
51d0e6ed-68c2-43c2-965f-69475ff72717,puku.band,available,20.99,31.49,medium,low,4,namesilo,,,17/09/2026 07:35
e051f7d8-9dc1-4cab-b92b-a6c79486453d,brawny.band,available,17.48,39.98,medium,low,6,namecheap,,,11/08/2026 02:47
7af3f6fe-0233-467b-9474-e31d91871a85,dill.band,available,17.48,39.98,high,low,4,namecheap,,,19/09/2026 05:36
3aa0b7b9-f08c-4c3c-8348-80707e8d5f35,histrion.band,available,17.48,39.98,medium,low,8,namecheap,,,11/09/2026 13:07
f7eda8a6-ad13-4117-a907-ee61eeeb967b,sports.band,premium,780,780,high,medium,6,namecheap,,,
04a1170e-4050-4b2e-999e-52dcdae5e0cf,interrupt.band,available,29.99,41.99,high,low,9,name.com,,,13/08/2026 12:38
2e724ec0-449c-4bf5-8677-d517c37ecc79,arietta.band,available,20.99,31.49,high,low,7,namesilo,,,20/09/2026 05:25
bb77c5fc-43a9-4693-8ee0-bfaaa1c4f8fe,youngster.band,available,20.99,31.49,high,low,9,namesilo,,,27/09/2026 06:40
c46beb54-cac0-4443-8699-19648ea30808,bauxite.band,available,20.99,31.49,medium,low,7,namesilo,,,22/09/2026 16:42
7492a08a-5b2c-4f5c-9af0-e67e7cac1cb0,talus.band,available,17.48,39.98,medium,low,5,namecheap,,,19/09/2026 09:46
cf8d025e-ea0f-49f3-a6fa-3958b8882972,athanasius.band,available,17.48,39.98,medium,low,10,namecheap,,,20/09/2026 20:26
24ecf294-a2f6-4f2d-9c12-12355e8d1425,analogical.band,available,17.48,39.98,medium,low,10,namecheap,,,
786f33bb-7031-4b46-bf0c-e8b7b31993a5,established.band,available,29.99,,high,low,11,name.com,,,
286c373a-9320-49c9-8188-afd86f2272dd,costume.band,available,17.48,39.98,high,low,7,namecheap,,,24/09/2026 18:31
e1dda879-abe7-42a0-9906-ae5f90b52add,aleutian.band,available,17.48,39.98,medium,low,8,namecheap,,,
b8547437-dde0-45c8-8417-3e282bdeb36a,printable.band,available,20.99,31.49,high,low,9,namesilo,,,27/09/2026 05:59
2035a380-62b9-4269-8f01-119733e13312,notify.band,available,29.99,,high,low,6,name.com,,,
a466a3c6-a02a-4d27-ba55-eff0da7aeb20,chance.band,available,17.48,39.98,high,low,6,namecheap,,,23/09/2026 13:44
41364032-e690-4f9c-aa32-8ae1a3e7ee05,blantyre.band,available,17.48,39.98,medium,low,8,namecheap,,,24/09/2026 04:05
6a508430-a37f-4c29-9c5b-218e74b0768d,spouse.band,available,20.99,31.49,high,low,6,namesilo,,,23/09/2026 11:39
7e51934c-64ed-4d3f-a447-9ec63ae99d42,completely.band,available,20.99,31.49,high,low,10,namesilo,,,22/09/2026 00:16
7687252b-7e35-4f0e-b717-1594b7318919,sinuate.band,available,17.48,39.98,high,low,7,namecheap,,,10/09/2026 08:36
df1b8046-bd46-4e48-857c-77a4c08b219e,directed.band,available,20.99,31.49,high,low,8,namesilo,,,24/09/2026 10:49
e88e4d7c-534c-486f-9ba0-5146e8de48f2,outstanding.band,available,20.99,31.49,high,low,11,namesilo,,,27/09/2026 06:10
04386083-9b5d-40eb-84ae-99d0409052ca,scarce.band,available,17.48,39.98,medium,low,6,namecheap,,,09/09/2026 22:53
8d2c8133-21ac-42ad-8736-015dd425a1a7,staggering.band,available,17.48,39.98,medium,low,10,namecheap,,,10/09/2026 18:08
da39a8ce-218d-4f8c-b940-d281f3ff5fe3,ungoverned.band,available,17.48,39.98,medium,low,10,namecheap,,,12/09/2026 04:36
4a475750-a5ed-44b1-855d-499bcce6a3be,keypress.band,available,29.99,,high,low,9,name.com,,,
736e300a-354b-4c13-bd58-6ff7443a8a6a,dissolver.band,available,17.48,39.98,medium,low,9,namecheap,,,10/09/2026 13:52
f0e573c7-a271-4011-9c6f-a4e157a3e2ff,fifteen.band,available,17.48,39.98,high,low,7,namecheap,,,21/09/2026 11:44
68588936-92aa-479c-9cb4-0b651c552621,monistic.band,available,17.48,39.98,medium,low,8,namecheap,,,25/08/2026 04:51
4c5958fc-ffa4-4c79-97fc-64b6ed2fceb3,unreadable.band,available,17.48,39.98,medium,low,10,namecheap,,,22/08/2026 02:25
8c9f0874-1f93-48dd-8da4-3230c297e048,moulds.band,available,17.48,39.98,medium,low,6,namecheap,,,20/09/2026 13:57
9f9eba8f-3e7e-44d2-82f0-299bc1edebc2,knights.band,available,15.73,25.04,high,low,7,spaceship,,,27/09/2026 18:23
59979c7a-ed07-4f88-a8e7-effe0f13bc11,coaxial.band,available,17.48,39.98,medium,low,7,namecheap,,,12/08/2026 14:16
d2849820-a7f5-4de2-88e8-d014a0c73979,asexual.band,available,17.48,39.98,high,low,7,namecheap,,,07/08/2026 01:33
9fe62536-138b-45a9-bb81-4df4e3f736c4,fatten.band,available,17.48,39.98,medium,low,6,namecheap,,,17/08/2026 23:09
8b599fc2-4698-483c-bb8b-aa35609dca22,figures.band,available,29.99,,medium,low,7,name.com,,,
79bbecea-c45e-4959-b012-6bb97971aaa5,boisterous.band,available,17.48,39.98,high,low,10,namecheap,,,10/08/2026 17:38
cd7918ad-585f-4485-99e4-034452d0f334,magnet.band,available,17.48,39.98,high,low,6,namecheap,,,21/09/2026 02:14
5a7f4d1f-1ad2-4abe-9ba5-d1f8c77b80b3,prison.band,available,29.99,,high,low,6,name.com,,,
297aa4aa-cf2b-4f5c-93f7-a3dbf46922e7,sea.band,resell,,,high,low,3,"Spaceship, Inc.",20/05/2023 15:15,20/05/2027 15:15,26/09/2026 08:52
59c9e08b-a0bd-40e1-b507-a8c5e96e3eb1,crowns.band,available,20.99,31.49,medium,low,6,namesilo,,,18/09/2026 06:26
cf12382b-361c-46c2-9582-890702e08be4,charles.band,available,29.99,,high,low,7,name.com,,,
307c7e60-a215-4f4b-8f53-4a3cc246a4a8,tracks.band,premium,1300,1300,high,low,6,namecheap,,,17/09/2026 16:05
49314e84-d562-4645-9107-201ab5017178,pushup.band,available,29.99,,high,low,7,name.com,,,
6f7e21ea-5279-4839-b0a6-8e8a939beb2d,overbold.band,available,17.48,39.98,medium,low,8,namecheap,,,04/09/2026 20:21
19f68a89-cda7-45b7-8eda-e8a8eef97873,wintertime.band,available,29.99,,high,low,11,name.com,,,
5bde7ab7-3a64-4a56-8e3d-0242a481e622,exec.band,available,29.99,,high,low,4,name.com,,,
832bdfde-cf06-403a-9dd2-294158cf99a3,celebrating.band,available,20.99,31.49,high,low,11,namesilo,,,27/09/2026 06:50
f7c0db05-5031-4430-9206-757c1cd8660b,turkic.band,available,17.48,39.98,medium,low,6,namecheap,,,11/09/2026 21:14
9f701da4-74b2-4989-b990-9e6ef16d7e15,enchanted.band,available,20.99,31.49,high,low,9,namesilo,,,27/09/2026 06:40
f58e22d9-9808-4ee6-a70d-ce8256b30c7a,agrostemma.band,available,,,medium,low,10,,,,17/09/2026 19:51
d5b0a8f7-e64b-4fae-90af-e08ab49669f8,allocator.band,available,17.48,39.98,high,low,9,namecheap,,,18/09/2026 11:47
b58bce79-52d1-4258-9308-1034a4bc7280,conjugal.band,available,17.48,39.98,medium,low,8,namecheap,,,12/08/2026 22:07
c14a3fa5-c35a-40c1-b70f-8fb8d6953758,hunting.band,available,20.99,31.49,high,low,7,namesilo,,,25/09/2026 07:36
88d414f0-ab1b-46b3-afb7-8a5bb3cff83c,advocator.band,available,20.99,31.49,medium,low,9,namesilo,,,17/09/2026 11:45
675aa37b-8c13-4f40-bd12-e81291c24c03,execution.band,available,29.99,,high,low,9,name.com,,,
1777f058-e963-410d-9d53-5b127cfdd8b2,acidosis.band,available,20.99,31.49,medium,low,8,namesilo,,,17/09/2026 01:28
14f72bbf-7bcf-436e-80a5-ae047b796b0e,saying.band,available,20.99,31.49,high,low,6,namesilo,,,25/09/2026 09:03
080f8781-a1b2-4ce2-ba76-59b5d5e5441c,slangy.band,available,17.48,39.98,medium,low,6,namecheap,,,10/09/2026 09:59
66e7d9a2-3f07-4528-9ce2-4daaabb42f96,uncarved.band,available,17.48,39.98,medium,low,8,namecheap,,,12/09/2026 04:48
d582eb22-db29-4a67-af6d-ec91947834b6,amsonia.band,available,20.99,31.49,medium,low,7,namesilo,,,19/09/2026 00:00
df3b72cd-ce25-4f21-8581-52acdf975c65,actinidia.band,available,20.99,31.49,medium,low,9,namesilo,,,17/09/2026 04:47
40b9f46e-4910-44dd-b41c-6b6dd8f4f854,akhbari.band,available,20.99,31.49,medium,low,7,namesilo,,,17/09/2026 23:56
d6b327f2-7cbf-40b4-a5c2-871b13852b0c,arbutus.band,available,20.99,31.49,medium,low,7,namesilo,,,20/09/2026 01:01
f4b9e010-2b45-4abb-b3ad-b694f9edcf80,macaronic.band,available,17.48,39.98,medium,low,9,namecheap,,,24/08/2026 12:44
9f3a334b-8ef0-448a-9047-2f99950528fe,iambic.band,available,17.48,39.98,high,low,6,namecheap,,,21/08/2026 17:28
5b711e9f-80cb-48b4-9854-3fa427d47e9f,grouped.band,available,20.99,31.49,high,low,7,namesilo,,,27/09/2026 06:40
83eabf09-e7b1-4b47-a850-854e90b0d38e,marshall.band,available,20.99,31.49,high,low,8,namesilo,,,25/09/2026 05:06
961054e2-6fa5-475c-b85e-1be8cc14ce61,twinned.band,available,17.48,39.98,high,low,7,namecheap,,,24/08/2026 16:58
a2288505-d5e1-4c71-9a6f-4352cb2cbc11,chairwoman.band,available,29.99,,high,low,10,name.com,,,
b338145b-b74e-4a5d-8d91-ad790f891620,befitting.band,available,17.48,39.98,medium,low,9,namecheap,,,09/08/2026 08:38
03a390d5-026a-4e03-98ae-84da2db140f5,craftily.band,available,17.48,39.98,medium,low,8,namecheap,,,14/09/2026 09:00
878caa51-a2a5-4713-b878-d85ba38e5633,scenic.band,available,17.48,39.98,high,low,6,namecheap,,,09/09/2026 22:58
b2828366-a29d-48cf-a520-20c8ae84fa95,plucked.band,available,17.48,39.98,high,low,7,namecheap,,,08/09/2026 21:28
a637a496-a449-4b0f-bfd7-64287be89abe,awareness.band,available,29.99,,high,low,9,name.com,,,
aaaaab29-e032-45b4-9475-33e68e333db4,tank.band,available,20.99,31.49,high,low,4,namesilo,,,20/09/2026 07:27
9700a7ac-d559-44b1-8ed5-1597a0714a19,beatnik.band,available,20.99,31.49,high,low,7,namesilo,,,22/09/2026 21:43
8bc819fe-7427-4ddc-9410-56f6a824ff45,blaeberry.band,available,20.99,31.49,medium,low,9,namesilo,,,23/09/2026 15:39
57e6da12-d50f-45fc-a4f7-c0cdc22f3868,arizonan.band,available,20.99,31.49,medium,low,8,namesilo,,,20/09/2026 06:05
2a97b62d-e497-4dde-af02-0130074fee53,passed.band,available,29.99,,medium,low,6,name.com,,,
1c61ca70-670f-4329-8d3e-3269fc91a5f5,inheriting.band,available,17.48,39.98,medium,low,10,namecheap,,,22/08/2026 05:04
1e5292dc-7fbd-4719-bacb-1985ccce95f4,altruist.band,available,29.99,,high,low,8,name.com,,,
9f3d54dc-3b42-4bd7-a185-7c7c467ba64d,faint.band,available,17.48,39.98,high,low,5,namecheap,,,17/08/2026 21:01
d2947d3c-9d26-42b3-b02b-7730746a40f9,cost.band,available,29.99,,high,low,4,name.com,,,
96faa1fb-2275-4c9f-ba4a-2d1af28c4668,ruttish.band,available,17.48,39.98,medium,low,7,namecheap,,,21/08/2026 14:10
b94e19a7-6d64-40f8-9477-0c0c00d02516,competition.band,premium,78.54,78.54,high,low,11,namesilo,,,25/09/2026 16:42
1c322a89-e348-4cb2-af74-2bce30da8d8d,makomako.band,available,20.99,31.49,medium,low,8,namesilo,,,20/09/2026 05:57
c7475169-b5f5-4d7c-aa28-52a19c5a2ead,abm.band,available,20.99,31.49,high,low,3,namesilo,,,16/09/2026 16:15
119d9250-a6d9-43ee-9499-cf00aa2b6a35,kempt.band,available,17.48,39.98,medium,low,5,namecheap,,,22/08/2026 15:32
e6cfe53c-25bd-485c-bea5-5cfbc3a89c59,gusts.band,available,20.99,31.49,medium,low,5,namesilo,,,20/09/2026 20:54
ff47c04f-40ce-4c34-a293-1d42e1c0af1b,followers.band,available,17.48,39.98,high,low,9,namecheap,,,27/09/2026 06:39
21814a77-62f9-4a93-80a8-cadfdac669f6,suffering.band,available,17.48,39.98,high,low,9,namecheap,,,25/08/2026 01:27
513174f0-c580-451a-9504-f9243ca7a242,measurable.band,available,17.48,39.98,high,low,10,namecheap,,,24/08/2026 18:27
92deeb80-e157-443e-aa17-bc142bac355b,monocled.band,available,17.48,39.98,medium,low,8,namecheap,,,09/08/2026 17:15
c1a12434-b647-4340-915c-a00aacfe423c,dorothy.band,available,20.99,31.49,medium,low,7,namesilo,,,25/09/2026 14:18
047f47e2-7314-499f-aa45-e210851c3e88,eventful.band,available,20.99,31.49,high,low,8,namesilo,,,27/09/2026 06:40
cd77bc24-5b1b-4d9c-b1da-e8d8839cc930,commentate.band,available,29.99,,high,low,10,name.com,,,
2ed73651-bb82-4692-989d-24ba4a505eae,admission.band,available,17.48,39.98,high,low,9,namecheap,,,16/09/2026 22:12
d5184aac-a048-4b49-abb8-66d4059d9e7f,atresia.band,available,20.99,31.49,medium,low,7,namesilo,,,21/09/2026 00:42
263ece14-afd7-4a0f-88bd-ab705712d36a,attraction.band,available,29.99,,high,low,10,name.com,,,
dcd7598c-18f6-4fe9-9838-ab5b76282bd9,recognised.band,available,20.99,31.49,high,low,10,namesilo,,,21/09/2026 15:30
686991e9-f931-49fd-985e-39bb5a9de102,jeweled.band,available,17.48,39.98,high,low,7,namecheap,,,18/08/2026 21:10
c2b15553-6ad6-4aba-bb6f-6df9beb2d7ad,filar.band,available,17.48,39.98,medium,low,5,namecheap,,,18/08/2026 04:10
d08ba4a0-596d-41d6-8dad-fa1ef2ade13b,unnumbered.band,available,17.48,39.98,medium,low,10,namecheap,,,13/08/2026 03:46
67d7adcd-e0a8-409a-b9fe-09414d4bf656,citizenship.band,available,29.99,,high,low,11,name.com,,,
ca8e0136-dbf9-43e8-a3d6-7cc4c5d2c34a,doglike.band,available,17.48,39.98,medium,low,7,namecheap,,,14/08/2026 15:07
ecf47105-e70a-4515-8b1f-ef67b0ec6af1,ignoble.band,available,17.48,39.98,medium,low,7,namecheap,,,21/08/2026 18:23
7bfdb98f-4abb-4db7-a814-cc74f2a86110,handmade.band,available,20.99,31.49,high,low,8,namesilo,,,27/09/2026 06:40
e82c5db4-32f1-4f55-aef0-7d8e683fa65b,unsafe.band,available,29.99,41.99,medium,low,6,name.com,,,13/08/2026 17:17
b4b1d87c-0b8c-482c-892c-453a753d3fa9,unhatched.band,available,17.48,39.98,medium,low,9,namecheap,,,12/09/2026 12:05
7ccf6bf9-72c7-422e-a903-af3aa06c2977,handwoven.band,available,17.48,39.98,medium,low,9,namecheap,,,20/08/2026 23:19
9c68f3ba-0192-4a1b-bfcd-c0acfc9cf1e0,francisca.band,available,29.99,,high,low,9,name.com,,,
1297d122-85d5-450d-b33f-07dd3b88225c,aphakia.band,available,20.99,31.49,medium,low,7,namesilo,,,19/09/2026 16:51
3ea63ddd-8710-49d2-a6b8-1cc3ca2aa38d,doubting.band,available,17.48,39.98,medium,low,8,namecheap,,,14/08/2026 17:01
3dd7a311-1da7-48f5-afe9-731442be2d78,attar.band,available,17.48,39.98,medium,low,5,namecheap,,,20/09/2026 19:21
610649cf-a01e-4682-8b21-e360fb81b6d9,rattling.band,available,17.48,39.98,high,low,8,namecheap,,,11/08/2026 04:30
5bd59fa3-4714-4409-b3a1-36ab06c587c3,unworried.band,available,17.48,39.98,medium,low,9,namecheap,,,11/08/2026 19:03
997b4337-0c59-4557-9a3b-c629093b3c27,refused.band,available,20.99,31.49,medium,low,7,namesilo,,,18/09/2026 13:40
34b3fe80-e140-477d-bdb9-2dbd835721ca,affordable.band,available,17.48,39.98,high,low,10,namecheap,,,21/09/2026 21:59
35767290-f7a1-42e5-9fd9-2350fd663fc9,diane.band,available,17.48,39.98,high,low,5,namecheap,,,25/09/2026 19:09
c8ba3d08-787a-40ae-af5f-d80ab39f07f4,accolade.band,available,20.99,31.49,high,low,8,namesilo,,,16/09/2026 22:45
cfb0a90e-1378-4be4-8d6c-c15410e39423,unattended.band,available,17.48,39.98,medium,low,10,namecheap,,,12/09/2026 01:17
95bf2fbf-59dc-43be-85e4-2158e0057781,beanbag.band,available,17.48,39.98,high,low,7,namecheap,,,22/09/2026 20:20
b43ecd5c-3ebf-4654-ad6a-2f446582a010,becomes.band,available,20.99,31.49,medium,low,7,namesilo,,,27/09/2026 10:31
fe3fe4c0-4391-4fea-8ddf-4f633e713bf0,piebald.band,available,17.48,39.98,medium,low,7,namecheap,,,03/09/2026 10:37
15262cec-010b-4870-b38f-809ef3b28c90,vandyke.band,available,17.48,39.98,medium,low,7,namecheap,,,19/09/2026 13:44
dabc5301-a564-4b86-ad96-2567ed975e8e,afternoon.band,available,29.99,,high,low,9,name.com,,,
b6f9289e-017f-493c-b8cc-6c8957edcf79,tenfold.band,available,17.48,39.98,high,low,7,namecheap,,,14/08/2026 01:44
965be1ed-daba-4573-b9df-e63f5489937e,prefer.band,available,17.48,39.98,high,low,6,namecheap,,,27/09/2026 03:54
3a39969a-540d-453f-a967-99574bb26348,carlos.band,available,20.99,31.49,high,low,6,namesilo,,,19/09/2026 04:37
96076659-83d9-400c-ac84-05d04fb3237e,symphony.band,premium,1300,1300,high,low,8,namecheap,,,08/09/2026 18:51
13eed304-aadd-4fb3-9a8b-030fd2505c43,reservedly.band,available,17.48,39.98,medium,low,10,namecheap,,,15/09/2026 23:22
c2ac7d9d-8234-4e46-a561-d558046918e6,formerly.band,available,17.48,39.98,medium,low,8,namecheap,,,24/09/2026 15:13
2750b486-2771-412a-8572-64d9c841c394,georgetown.band,available,20.99,31.49,high,low,10,namesilo,,,25/09/2026 16:59
5317dee3-b5f4-48df-bd62-41d028c3fbe4,baseless.band,available,17.48,39.98,medium,low,8,namecheap,,,08/08/2026 21:44
e1ad3c5b-b99c-48aa-b4d6-f0c210a9b80b,band.band,available,,,high,low,4,,,,
d91e1daf-2567-48a1-a3d9-6582553de6c4,antilope.band,available,20.99,31.49,medium,low,8,namesilo,,,19/09/2026 14:39
1f0868ad-cc7c-497c-b901-a5218b6c8c9f,objectives.band,available,20.99,31.49,medium,low,10,namesilo,,,17/09/2026 15:43
962ad427-824a-4900-8313-bf89792ad000,abnormalcy.band,available,20.99,31.49,medium,low,10,namesilo,,,16/09/2026 16:19
72d66d2d-2438-4325-9d7c-b52480188e50,relatives.band,available,20.99,31.49,medium,low,9,namesilo,,,27/09/2026 10:25
0c703d8e-cb86-4fb1-9bcf-6367c77aa990,berserk.band,available,17.48,39.98,medium,low,7,namecheap,,,
e136bdef-e6ba-4560-91b0-fde656ea8aed,playfield.band,available,29.99,,high,low,9,name.com,,,
49cd0643-86d5-4124-9e93-6665b5c0dff8,paintable.band,available,17.48,39.98,medium,low,9,namecheap,,,04/09/2026 23:06
391e0ea8-7835-4aa5-88f9-b4d3948aec00,kerensky.band,available,20.99,31.49,high,low,8,namesilo,,,18/09/2026 05:02
a16afdaa-2b66-42df-b63f-f9701c72268a,lyndon.band,available,20.99,31.49,medium,low,6,namesilo,,,25/09/2026 16:09
b85ec1ff-7255-412b-adda-bf29b365d74c,urethral.band,available,17.48,39.98,medium,low,8,namecheap,,,12/09/2026 23:35
f291151d-f0e8-4cab-8d4b-dc68957fd317,trollop.band,available,20.99,31.49,medium,low,7,namesilo,,,17/09/2026 10:23
e63027e6-8347-4a34-8eec-142ea22edc63,conniption.band,available,17.48,39.98,medium,low,10,namecheap,,,18/08/2026 05:43
47edd9de-7c6a-4818-b9e8-3d500952df70,intended.band,available,20.99,31.49,high,low,8,namesilo,,,25/09/2026 09:53
6faacfa0-4c56-4125-9317-2b9446278fc7,altar.band,available,17.48,39.98,high,low,5,namecheap,,,18/09/2026 14:32
6c27b740-3c08-4aba-ae24-3e51454c3685,lava.band,available,20.99,31.49,high,low,4,namesilo,,,25/09/2026 11:31
56d06312-53b2-4b91-8739-ee1a2cf8eba9,flossy.band,available,17.48,39.98,medium,low,6,namecheap,,,14/08/2026 17:44
65a6bebf-b062-414b-a1f1-6417f9364155,peeking.band,available,29.99,,high,low,7,name.com,,,
fc60a949-ea4d-49b5-856d-ae0223db3165,monegasque.band,available,17.48,39.98,medium,low,10,namecheap,,,25/08/2026 04:03
25adf043-dccb-4a96-953f-937592d003b1,headlong.band,available,17.48,39.98,medium,low,8,namecheap,,,21/08/2026 01:16
fcb9b9e3-12ef-461f-8821-dd9d12b51745,pail.band,available,29.99,,high,low,4,name.com,,,
d329fdf0-2d03-4e53-b425-eabc034c5b4b,immaterial.band,available,17.48,39.98,medium,low,10,namecheap,,,17/08/2026 19:22
67c9f114-fc76-4f1a-9679-2572fe1c495d,choirs.band,premium,118.8,118.8,high,low,6,namesilo,,,17/09/2026 06:51
d88a224f-2827-4641-8549-85c708d98059,fuckster.band,available,29.99,,medium,low,8,name.com,,,
b8da3f89-b546-4812-98c9-76234ee18250,intellect.band,available,17.48,39.98,high,low,9,namecheap,,,27/09/2026 06:40
72252cf0-bb2a-4320-adb5-500be2be5482,agaricus.band,available,20.99,31.49,medium,low,8,namesilo,,,17/09/2026 16:23
d3eee521-51b7-4f58-b608-b1d79fa88350,chechen.band,available,17.48,39.98,high,low,7,namecheap,,,12/08/2026 03:34
087a5bb2-5c3a-4a75-9b5a-53544ae16284,parhelic.band,available,17.48,39.98,medium,low,8,namecheap,,,08/09/2026 01:31
71f703a7-db6e-49f2-8800-6a23776a7de2,evidently.band,available,17.48,39.98,high,low,9,namecheap,,,08/09/2026 20:21
9d7ffdc3-02b5-4e43-b013-a7592b5510c9,sear.band,available,17.48,39.98,medium,low,4,namecheap,,,14/08/2026 19:05
1ffbd33e-c816-4a52-8d84-28d3aeeadf83,prance.band,available,17.48,39.98,high,low,6,namecheap,,,11/09/2026 05:09
c4cfc204-22eb-4e4c-8e46-2ed7e4d1e6db,immerse.band,available,17.48,39.98,high,low,7,namecheap,,,10/09/2026 19:49
f14dccc5-d367-4db8-a882-c1818fd662fd,doubtful.band,available,20.99,31.49,medium,low,8,namesilo,,,24/09/2026 11:52
4646ac76-f86e-4e0f-b258-234c7381ea42,stunningly.band,available,20.99,31.49,medium,low,10,namesilo,,,16/09/2026 06:09
8ab784d2-89aa-402c-900f-5568f815ee7b,homey.band,available,17.48,39.98,high,low,5,namecheap,,,21/08/2026 11:06
83bc2a4b-a460-424e-a148-461275addae7,flowered.band,available,17.48,39.98,high,low,8,namecheap,,,18/08/2026 08:56
0c944753-d138-4d45-850d-8fd805ff3964,apology.band,available,29.99,,high,low,7,name.com,,,
ccd92e86-fd6d-4dec-82b0-b13ff304c53a,drastic.band,available,20.99,31.49,high,low,7,namesilo,,,27/09/2026 06:40
943c47e7-7fb6-43e3-acc9-285eab5f66eb,neaten.band,available,17.48,39.98,medium,low,6,namecheap,,,11/09/2026 15:42
daf24299-020f-4a12-951a-2ee8a805c459,ankus.band,available,20.99,31.49,medium,low,5,namesilo,,,19/09/2026 09:49
d4e70bdd-b5bb-4d5c-beba-33dc570962e7,beaten.band,available,17.48,39.98,high,low,6,namecheap,,,09/08/2026 05:47
3cb2ec94-8fe7-483f-8ae7-0525c6af6d54,stupendous.band,available,17.48,39.98,high,low,10,namecheap,,,12/08/2026 18:00
868c553f-9e83-469a-8333-d3b1ff9ba41b,planned.band,available,20.99,31.49,high,low,7,namesilo,,,21/09/2026 22:06
158eefc9-4817-4cd1-8559-987de97ba3bc,chairmen.band,available,20.99,31.49,medium,low,8,namesilo,,,18/09/2026 22:56
aa3bc23c-077f-4160-84d8-278a603ab4a7,tahitian.band,available,17.48,39.98,high,low,8,namecheap,,,11/09/2026 07:06
4d1eb618-66e8-45be-b77d-caf520b8870f,perez.band,available,17.48,39.98,high,low,5,namecheap,,,25/09/2026 15:41
094550aa-241b-4002-93b3-3bfc07dfef4e,disadvantage.band,available,29.99,,high,low,12,name.com,,,
7dfb4af5-2dbd-484c-8651-8e57a4cf3b11,loves.band,available,,,high,low,5,,,,25/09/2026 18:55
6445412c-0607-4f80-8a8d-31d64c1e7e95,christie.band,available,20.99,31.49,high,low,8,namesilo,,,17/09/2026 16:30
df83b75c-9c2c-477e-bd2e-779dd3c5f794,disorderly.band,available,17.48,39.98,medium,low,10,namecheap,,,14/08/2026 11:51
f2d747fe-09bf-437e-bdfc-08d03d7a89cd,palmae.band,available,20.99,31.49,medium,low,6,namesilo,,,20/09/2026 03:32
22b20764-fcd8-4a31-9914-3085d241d246,aspirin.band,available,,,high,medium,7,,,,
cd9e881e-0c46-48a7-8982-341f34ca8ea5,lavatory.band,available,17.48,39.98,high,low,8,namecheap,,,09/09/2026 02:14
445cea51-6663-4760-875e-c0fcb7674af6,shops.band,premium,118.8,118.8,high,low,5,namesilo,,,18/09/2026 06:22
d353375a-b239-48aa-b979-48f76a05e974,nominated.band,available,17.48,39.98,high,low,9,namecheap,,,03/09/2026 18:18
9dc2b630-286e-421c-9aaf-746def134b67,balaclava.band,available,17.48,39.98,medium,low,9,namecheap,,,21/09/2026 20:27
660df585-6e97-440b-a43f-9dfd69675e5a,coffeemakers.band,available,17.48,39.98,medium,low,12,namecheap,,,21/09/2026 01:27
ccb39190-0cd5-42b6-81f1-66fff3bf9c26,cincinnati.band,premium,1107,1107,high,low,10,namesilo,,,
8f41ef0b-b929-4dbe-a49f-919e06826c45,vaulted.band,available,17.48,39.98,high,low,7,namecheap,,,14/08/2026 15:39
543c834f-8cf7-4816-9724-5c295d298b0e,airlock.band,available,20.99,31.49,high,low,7,namesilo,,,17/09/2026 22:33
8881a844-0f9d-494c-b235-052b5485c836,footloose.band,available,17.48,39.98,high,low,9,namecheap,,,18/08/2026 10:46
7ba2af45-a27b-430d-b665-43d0e7d573b6,keychains.band,available,17.48,39.98,medium,low,9,namecheap,,,21/09/2026 02:44
2d2c2fcd-ed3b-47dc-af76-f146cfb65524,went.band,available,29.99,,high,low,4,name.com,,,
5937eb7b-b3d5-4128-8f12-a3417a4db8e6,sprinkle.band,available,17.48,39.98,high,low,8,namecheap,,,15/09/2026 20:15
d44ba236-c70b-4a8d-8c29-f0ea17cfb426,highborn.band,available,17.48,39.98,medium,low,8,namecheap,,,13/08/2026 01:48
9d16df7a-409b-4920-871b-1783918fe824,landscaping.band,available,20.99,31.49,high,low,11,namesilo,,,24/09/2026 05:36
2559f061-a493-41c3-b91a-978f94c42f1f,pandemic.band,available,17.48,39.98,high,low,8,namecheap,,,05/09/2026 00:38
7afe7bd4-cdc9-48af-9046-008ec2dbcc2e,chairperson.band,available,29.99,,high,low,11,name.com,,,
8320e201-faf9-4985-b07c-6f946505c220,diaz.band,available,20.99,31.49,high,low,4,namesilo,,,22/09/2026 09:18
d68e3351-5f82-4259-aa5b-1225e7c06dae,bankroll.band,available,20.99,31.49,high,low,8,namesilo,,,22/09/2026 02:49
ce505772-bf9c-41bb-956c-aa11fbb80f95,dedication.band,available,20.99,31.49,high,low,10,namesilo,,,18/09/2026 10:32
92cf8947-988e-4eff-8641-46fae1a93e97,slope.band,available,29.99,,high,low,5,name.com,,,
0d69845e-8432-4e8c-839b-bac4b8f184a2,attica.band,available,20.99,31.49,medium,low,6,namesilo,,,21/09/2026 01:42
e2312bf4-c9b3-4e5d-a38d-3e2da22d35e7,benefice.band,available,20.99,31.49,high,low,8,namesilo,,,23/09/2026 07:54
276fff13-a931-4f16-ada7-b8d21d23ec78,compare.band,available,20.99,31.49,high,low,7,namesilo,,,24/09/2026 16:43
91632b82-2b84-4a3d-8749-411b916ebf02,fuscous.band,available,17.48,39.98,medium,low,7,namecheap,,,18/08/2026 19:02
dddb29af-f5fc-403c-a639-7ec2601b7c93,commercial.band,premium,128.7,128.7,high,low,10,namecheap,,,27/09/2026 02:31
80073a06-db8d-43f2-b4ab-5b20770320c9,interview.band,premium,118.8,118.8,high,low,9,namesilo,,,
4df727c5-a277-4c2e-a5b8-7205a9ee6157,baneful.band,available,17.48,39.98,low,low,7,namecheap,,,08/08/2026 09:44
3a308bd0-4c50-49b6-932f-d48165c1bff9,anole.band,available,17.48,39.98,medium,low,5,namecheap,,,18/09/2026 19:28
a69bbaf2-3225-4ac7-9d83-ee3b639d6674,savagery.band,available,17.48,39.98,medium,low,8,namecheap,,,22/09/2026 04:29
ea094435-be80-4b3a-aa6d-3721ed6d6d9c,fairness.band,available,20.99,31.49,high,low,8,namesilo,,,22/09/2026 22:20
13429eda-0c87-48f4-9a5a-9483b49afafe,lienal.band,available,17.48,39.98,low,low,6,namecheap,,,23/08/2026 01:33
cb9bf58b-9099-484a-990a-ed0aa0658382,unturned.band,available,17.48,39.98,medium,low,8,namecheap,,,12/09/2026 21:54
c33479a0-8a1e-4d6f-a3ab-e7546d5fb133,gorge.band,available,20.99,31.49,high,low,5,namesilo,,,23/09/2026 17:20
5c3aca2a-659a-470a-9114-1677827b321c,motherly.band,available,17.48,39.98,high,low,8,namecheap,,,25/08/2026 07:06
3975ef1b-546a-4712-91fc-cb2f984961ce,nassau.band,available,29.99,,high,low,6,name.com,,,
b9871157-1411-415f-8dab-c095ff70f786,demonstration.band,available,29.99,,high,low,13,name.com,,,
e314ad34-58bd-46f9-8b42-490ade802f31,threescore.band,available,17.48,39.98,medium,low,10,namecheap,,,
093869ff-2345-47aa-85bb-d0bc37196286,soddy.band,available,29.99,41.99,medium,low,5,name.com,,,17/09/2026 09:26
f0a68490-d929-414c-9f80-7c2710c60eb5,through.band,available,17.48,39.98,high,low,7,namecheap,,,24/09/2026 11:40
da13819c-8aa0-4dcb-a7dd-63baf16a1367,adenauer.band,available,20.99,31.49,medium,low,8,namesilo,,,17/09/2026 07:24
c8cce317-6107-4789-8261-0f9314019626,paralyzed.band,available,17.48,39.98,medium,low,9,namecheap,,,08/09/2026 01:29
d20b122a-1412-484f-9c14-23d282a35f5e,siberian.band,available,16.27,25.9,high,low,8,dynadot,,,27/09/2026 21:41
69d979a0-c159-4814-98ed-0b1beb727cb0,antipodes.band,available,20.99,31.49,medium,low,9,namesilo,,,19/09/2026 14:59
1981e94f-4776-4b70-88e7-1682357ea93f,vols.band,available,20.99,31.49,medium,low,4,namesilo,,,27/09/2026 11:41
25992db2-ee65-458f-b4b6-b4aea470241b,then.band,available,29.99,,high,low,4,name.com,,,
b8995729-673e-44a3-8fc5-67f9fa7bc9a6,dorm.band,available,20.99,31.49,high,low,4,namesilo,,,24/09/2026 23:35
466e5f42-a84f-4eb0-b2d7-7519628091df,unaged.band,available,17.48,39.98,medium,low,6,namecheap,,,12/09/2026 00:11
f2ae9440-d87f-466b-827f-81dbaaa1e96e,tethered.band,available,17.48,39.98,medium,low,8,namecheap,,,11/09/2026 12:10
9fb3274c-4412-4a10-b553-b4bcce3ad17c,braky.band,available,17.48,39.98,low,low,5,namecheap,,,11/08/2026 01:57
30a78103-377d-427f-b949-0c00cf3647d7,torture.band,available,17.48,39.98,high,low,7,namecheap,,,11/09/2026 18:03
c3ed5e23-cc47-4f7f-99ff-cb1034221d53,actinon.band,available,17.48,39.98,medium,low,7,namecheap,,,
9b1ade4e-4749-47cb-bb5b-f022bcea0230,ringtail.band,available,20.99,31.49,medium,low,8,namesilo,,,22/09/2026 12:08
1eae35f6-44ff-4ecb-a466-06784b89fcbd,subdue.band,available,17.48,39.98,high,low,6,namecheap,,,11/09/2026 07:44
21b234b2-a2f0-469a-9a1c-598060ee957b,aecium.band,available,20.99,31.49,medium,low,6,namesilo,,,17/09/2026 12:08
ace6800c-64d7-4dc0-9475-a32e7e3fc52c,apron.band,available,17.48,39.98,high,low,5,namecheap,,,19/09/2026 22:32
b62fa090-7a9a-479c-85cf-c5a4ac5751e9,mined.band,available,17.48,39.98,high,low,5,namecheap,,,24/08/2026 23:40
7f7d8a33-18f4-430e-b560-e21070155100,treating.band,available,17.48,39.98,high,low,8,namecheap,,,23/09/2026 18:53
6c314a72-1bf7-4939-9c70-d785ad30a381,knee.band,premium,123.75,123.75,high,low,4,name.com,,,20/09/2026 11:27
db2c20d0-27ed-45da-b59d-db383fe730a9,wrenching.band,available,17.48,39.98,medium,low,9,namecheap,,,09/09/2026 09:27
6f25da88-1126-4edd-b204-7d085f3bc404,louche.band,available,17.48,39.98,medium,low,6,namecheap,,,24/08/2026 10:02
1acd5a1b-2272-4b5e-a17b-69cc0ac26b1b,assignment.band,available,20.99,31.49,high,low,10,namesilo,,,19/09/2026 21:59
9d111bf6-55c4-41a6-a013-539fec82a206,intensify.band,available,20.99,31.49,high,low,9,namesilo,,,27/09/2026 06:40
0f5f6423-917a-4f5e-89a0-305bf644963c,warily.band,available,20.99,31.49,medium,low,6,namesilo,,,16/09/2026 11:20
7e41f323-cf44-49a7-b5fa-cc5d7d0fc319,unsealed.band,available,17.48,39.98,medium,low,8,namecheap,,,12/09/2026 19:07
0fd11095-e651-4a5d-8a28-0ca22198e7be,dining.band,available,29.99,,high,low,6,name.com,,,
438fbdcc-ca2d-4d71-8bc2-a74270ce2820,rimbaud.band,available,20.99,31.49,medium,low,7,namesilo,,,20/09/2026 11:03
d7d17d9b-c066-463f-88e3-e34683911fc3,demand.band,available,17.48,39.98,high,low,6,namecheap,,,24/09/2026 15:48
73f42da5-2d3d-4df7-b25e-6109b0333493,nearly.band,available,29.99,,high,low,6,name.com,,,
e33031ff-ee47-4e43-9292-71b541d0b0a2,grandson.band,available,29.99,,high,low,8,name.com,,,
4bfa41a3-f538-4b7b-afb4-569f0b96b0a6,judy.band,available,29.99,41.99,high,low,4,name.com,,,25/09/2026 11:45
e43f9bf2-547c-4da5-a4d6-33507a86352a,conscious.band,available,17.48,39.98,high,low,9,namecheap,,,23/09/2026 20:38
bfb6e3ac-4d89-455b-92b4-7a0a50fc6b6c,crucial.band,available,20.99,31.49,high,low,7,namesilo,,,22/09/2026 00:39
57bc25c7-5b62-45ab-9566-2c3318bb8053,sucker.band,available,20.99,31.49,high,low,6,namesilo,,,18/09/2026 08:56
e9e798eb-f841-4f73-af34-1fe9b6e4c7fb,appearance.band,available,17.48,39.98,high,low,10,namecheap,,,08/09/2026 12:55
e11e9f72-ac85-4a54-882a-71ec2d573e8c,unfilmed.band,available,17.48,39.98,medium,low,8,namecheap,,,12/09/2026 10:14
59466bcc-4881-4081-a666-386e02b97eef,pram.band,available,20.99,31.49,high,low,4,namesilo,,,21/09/2026 13:20
5067089f-5c19-4e35-a45d-58a7bfcb5a4a,outcast.band,available,20.99,31.49,high,low,7,namesilo,,,27/09/2026 06:40
c58121f9-3ced-4b20-ab90-ada1b5d7ca7a,garrett.band,available,20.99,31.49,high,low,7,namesilo,,,25/09/2026 14:29
efda73e6-fd24-4e60-9bc4-da56926d04b7,randomly.band,available,17.48,39.98,medium,low,8,namecheap,,,13/09/2026 20:35
25ba7539-c25e-4b3a-a446-ce45ec2f7f1f,serving.band,available,20.99,31.49,high,low,7,namesilo,,,25/09/2026 23:06
d15e0d4b-0658-4334-b711-78090eb370d4,contest.band,premium,78.54,78.54,high,low,7,namesilo,,,
ecb51908-22ed-4367-a927-af6fa37bb553,easterly.band,available,17.48,39.98,medium,low,8,namecheap,,,14/08/2026 22:51
077fd7b3-19af-4bc9-9e3d-7d2a4472ecc2,wooden.band,available,29.99,,high,low,6,name.com,,,
1b3e05bc-57c9-441e-90fc-e8755e944e73,quadrate.band,available,17.48,39.98,high,low,8,namecheap,,,09/09/2026 07:17
df9b2b7e-5bad-45be-846c-e27896743594,broom.band,available,20.99,31.49,high,low,5,namesilo,,,24/09/2026 10:47
4a4b3ce9-5485-4ff2-bb80-dbfcdcfd0b0c,folder.band,available,29.99,,high,low,6,name.com,,,
6be29f1d-acbf-4abb-9806-d2b7b758bb29,stroppy.band,available,17.48,39.98,medium,low,7,namecheap,,,10/08/2026 17:59
328cc87d-d73e-4fea-a47b-34867fa65c47,gismo.band,available,20.99,31.49,medium,low,5,namesilo,,,19/09/2026 21:49
0578565c-1a74-4262-a1c1-24643d891621,struggling.band,available,17.48,39.98,medium,low,10,namecheap,,,10/09/2026 22:52
d19c1d39-b870-43db-a8c2-18c1e888eea5,geodesic.band,available,17.48,39.98,high,low,8,namecheap,,,18/08/2026 22:23
0167380d-15f0-4ea4-a668-ed09ab7a0264,lashing.band,available,17.48,39.98,medium,low,7,namecheap,,,22/08/2026 20:10
092b1c61-2b12-4f42-a5a2-eaa290d3dafd,molding.band,available,20.99,31.49,medium,low,7,namesilo,,,24/09/2026 15:24
fbda6d22-bf82-4de5-b627-7339e55ccf2f,cardigan.band,available,17.48,39.98,high,low,8,namecheap,,,24/09/2026 12:52
c6406e35-da5a-4e9e-86f5-dce8a488c69b,upton.band,available,20.99,31.49,medium,low,5,namesilo,,,27/09/2026 11:29
9cdce999-ad0a-4189-bebc-ed02df24f201,continents.band,available,17.48,39.98,medium,low,10,namecheap,,,18/09/2026 12:00
7b7e6347-f056-4264-9b5c-73cea741ca1c,exonerated.band,available,17.48,39.98,high,low,10,namecheap,,,
89338501-6970-4e33-8506-a51d32dd942e,degrees.band,premium,118.8,118.8,medium,low,7,namesilo,,,25/09/2026 17:04
f061f607-c193-404d-9751-8de5ef4a72f9,liveable.band,available,17.48,39.98,medium,low,8,namecheap,,,24/08/2026 07:44
ff0acc9c-deed-4286-8048-86600919efe1,artaxerxes.band,available,20.99,31.49,medium,low,10,namesilo,,,20/09/2026 10:06
323df73c-f356-4e46-8299-dec3271ae309,southern.band,available,16.27,25.9,high,low,8,dynadot,,,27/09/2026 23:59
68f3ab08-d49e-4980-8fb6-511be19bc8d7,flies.band,available,20.99,31.49,high,low,5,namesilo,,,25/09/2026 06:05
4e4b2cd2-e22b-49ef-bb78-1bee40b87a25,jocular.band,available,17.48,39.98,medium,low,7,namecheap,,,22/08/2026 12:57
8b634d2c-7f2b-4e68-9b38-5a7b63f38f51,predict.band,available,20.99,31.49,high,medium,7,namesilo,,,21/09/2026 03:41
d48a01f5-a8e9-4ff8-ac2d-2a37d6733f63,birdhouse.band,resell,,,high,low,9,"GoDaddy.com, LLC",23/03/2023 01:22,23/03/2027 01:22,26/09/2026 04:26
713ed29f-c3e7-4af7-85d8-1980a8ee2019,vestigial.band,available,17.48,39.98,medium,low,9,namecheap,,,13/09/2026 04:54
87c1cb1f-7cbe-40c8-87a3-867f8c627525,bilberry.band,available,17.48,39.98,medium,low,8,namecheap,,,23/09/2026 15:37
c2fa73fc-3b06-4f44-b62d-f79a4cfca4b2,arhat.band,available,20.99,31.49,medium,low,5,namesilo,,,20/09/2026 05:05
adf80933-e585-48cb-98dc-a731f933ad3d,unselfish.band,available,17.48,39.98,high,low,9,namecheap,,,12/09/2026 19:16
8d06cb6d-a0c6-4e52-8d7e-eddb3ea8d5e0,prodromal.band,available,17.48,39.98,medium,low,9,namecheap,,,09/09/2026 02:44
fa968a9b-f17b-492b-8880-3c29c3e89a68,inshore.band,available,17.48,39.98,medium,low,7,namecheap,,,22/08/2026 06:53
35f1380d-08f2-469d-9ab4-7d9bb7cf2b8f,ulterior.band,available,17.48,39.98,medium,low,8,namecheap,,,22/08/2026 20:32
e03be80e-83c7-4648-9e82-ae7a2c9411a4,moonlit.band,available,17.48,39.98,high,low,7,namecheap,,,25/08/2026 05:56
f535119f-5185-4898-8b73-e650084ae7b3,talking.band,available,20.99,31.49,high,low,7,namesilo,,,25/09/2026 10:48
dd9d90f8-81b5-4e8e-96da-2f3ed2e44e19,winking.band,available,20.99,31.49,high,low,7,namesilo,,,27/09/2026 06:40
5a5c7153-3c74-44de-9fc0-77584690a4e8,roger.band,available,29.99,,high,low,5,name.com,,,
49fe1c52-6cd2-41f2-920b-b8d89c8d7250,investigating.band,available,17.48,39.98,high,low,13,namecheap,,,27/09/2026 09:46
3ff59bb3-41d5-44f9-955e-3179664dd315,meals.band,available,17.48,39.98,high,low,5,namecheap,,,18/09/2026 16:02
70844694-6ad8-46c4-b7b1-84594c22e653,slavic.band,available,17.48,39.98,high,low,6,namecheap,,,10/09/2026 10:36
341c6629-9de1-4de7-ae40-bad30c582049,glacial.band,available,17.48,39.98,medium,low,7,namecheap,,,18/08/2026 16:28
afae58a3-93fa-4806-83d8-f18f2e74f694,keeled.band,available,17.48,39.98,medium,low,6,namecheap,,,11/08/2026 19:16
d9f6ec3b-f0b6-4a79-9040-c711334446a0,gdp.band,premium,78,78,high,low,3,namecheap,,,25/09/2026 06:24
90226146-d74e-4ee1-b71b-02ff08b53006,rakes.band,available,20.99,31.49,medium,low,5,namesilo,,,20/09/2026 22:29
173649c8-2cb3-4178-bbc7-df4f36b17ea7,semitic.band,available,17.48,39.98,medium,low,7,namecheap,,,10/09/2026 03:32
49723f95-6d31-4f60-ad89-3bf2c0fbc4f5,illogical.band,available,17.48,39.98,medium,low,9,namecheap,,,14/08/2026 11:22
a5f9a897-f9f9-42a0-807b-4a2927ab0ca9,inhumane.band,available,17.48,39.98,medium,low,8,namecheap,,,22/08/2026 05:17
2a4d5b38-62cd-4f32-8e23-c20ef1336a30,adsorption.band,available,20.99,31.49,medium,low,10,namesilo,,,17/09/2026 10:05
543aee18-ab42-4e0d-b8a3-50e89f481598,ocher.band,available,17.48,39.98,medium,low,5,namecheap,,,04/09/2026 00:31
54a170bc-c607-4bad-94de-ffa33428c869,audacity.band,available,20.99,31.49,high,low,8,namesilo,,,21/09/2026 02:47
f4cf2f20-c93e-4b1b-825f-d3a2b1518708,pitfall.band,available,29.99,,medium,low,7,name.com,,,
721236e9-df93-464b-8d8c-895bcec65617,flagrant.band,available,17.48,39.98,medium,low,8,namecheap,,,15/08/2026 19:50
75e7ff45-2ae8-46a3-82a5-97527a0132ae,disastrous.band,available,17.48,39.98,medium,low,10,namecheap,,,11/08/2026 13:30
3ec781d8-003e-4079-a6fb-c3f4ee8be57c,prelate.band,available,20.99,31.49,medium,low,7,namesilo,,,20/09/2026 02:36
9083c3df-9a37-402c-a4dd-9b5a1abaf89d,exquisite.band,available,20.99,31.49,high,low,9,namesilo,,,27/09/2026 06:40
0918d145-a7f6-47e5-8a48-e85ca6e59887,bosnian.band,available,17.48,39.98,high,low,7,namecheap,,,10/08/2026 20:21
8cc7f84b-9bfa-4efc-bf60-8039d48259e3,bangkok.band,premium,78.54,78.54,high,low,7,namesilo,,,22/09/2026 01:48
66c677e2-5ec9-42b3-ad01-e26a24a5df1f,congress.band,available,20.99,31.49,high,low,8,namesilo,,,24/09/2026 13:02
fe24a766-6802-4cf8-bb68-c739f0e197e9,earthquake.band,available,20.99,31.49,high,low,10,namesilo,,,27/09/2026 13:14
bfd1a3ec-f8c4-4ed4-acac-27e0aa1d5df8,beluga.band,available,20.99,31.49,high,low,6,namesilo,,,17/09/2026 01:49
0c955d3a-5f30-4031-a7ba-6de2d9dd1663,pla.band,available,15.96,25.23,high,low,3,porkbun,,,27/09/2026 18:08
14486ca2-1880-4471-8ccc-87f2cc97ea22,incoherent.band,available,17.48,39.98,medium,low,10,namecheap,,,22/08/2026 01:42
a8f434fc-5b93-43c2-8f64-5394c50d09e2,hard.band,premium,78.54,78.54,high,low,4,namesilo,,,06/08/2026 16:55
45c6108f-7187-4619-bc96-431c8129a9c7,cooling.band,available,20.99,31.49,high,low,7,namesilo,,,27/09/2026 06:40
43f1268d-b251-436d-9e62-79c0f34db2e4,braun.band,available,20.99,31.49,high,low,5,namesilo,,,25/09/2026 02:19
4ac725e7-a828-4156-a00b-6ee44b47fffa,boost.band,available,,,high,low,5,,,,
3ee25f74-3160-4554-84b8-a248a11f43fd,campsite.band,available,20.99,31.49,high,low,8,namesilo,,,24/09/2026 11:55
bd24cd44-b737-48d2-889b-ebf3f55604ef,themself.band,available,29.99,,medium,low,8,name.com,,,
d4792975-82c7-462a-8f5b-c1ae7d1df0b8,plate.band,available,29.99,,high,low,5,name.com,,,
791b7a53-4fa7-454a-bdb2-4b6b558218e3,endogenic.band,available,17.48,39.98,medium,low,9,namecheap,,,17/08/2026 01:13
237bbeb3-6f28-498b-90b5-b97447f5f10a,negroid.band,available,17.48,39.98,medium,low,7,namecheap,,,03/09/2026 15:14
ed92f64e-a35b-4844-8df8-bbabbd5684f7,carnegie.band,available,20.99,31.49,high,low,8,namesilo,,,19/09/2026 04:42
13ae88a6-ced7-4c7b-99b6-ee7d50487f5e,bull.band,available,29.99,,high,low,4,name.com,,,
aad204a7-c7d8-4bf9-b1d4-b5d0adb1ba5a,niece.band,available,29.99,,high,low,5,name.com,,,
e9ee66a8-b344-48dd-b57d-1b20546e4cf0,savings.band,available,20.99,31.49,high,low,7,namesilo,,,26/09/2026 03:10
8299898e-1e9d-4dd8-863c-18c65efb8045,lithuanian.band,available,17.48,39.98,high,low,10,namecheap,,,24/08/2026 07:30
f7a5bc61-6e04-45b8-91f5-4d031cfb9f22,dominic.band,available,20.99,31.49,high,low,7,namesilo,,,27/09/2026 03:45
728ba1b1-447e-4f36-b4b7-d9532400a734,analphabet.band,available,17.48,39.98,medium,low,10,namecheap,,,
d569646b-56c8-4817-b62f-c0ab95e3a3ce,aspirant.band,available,17.48,39.98,medium,low,8,namecheap,,,07/08/2026 05:02
ec448f9d-50f2-4ab9-b7e3-c8ce08a234fd,gloria.band,available,20.99,31.49,high,low,6,namesilo,,,27/09/2026 02:39
48fe1fc6-e39b-4bdd-8525-27eda1b4dab3,oviparous.band,available,17.48,39.98,medium,low,9,namecheap,,,04/09/2026 22:09
dc3607d4-08a5-4dea-a9a9-9ab08e750a35,eros.band,available,20.99,31.49,high,low,4,namesilo,,,24/09/2026 17:09
5a5301f5-d05c-420f-ad42-1158d77eae85,reception.band,available,29.99,,high,low,9,name.com,,,
bad73912-98fe-4d0b-bdc8-fbb62384b0bb,arete.band,available,20.99,31.49,high,low,5,namesilo,,,20/09/2026 04:03
7adc7029-6654-49fe-917d-0c33f5b25d44,calorie.band,available,20.99,31.49,high,low,7,namesilo,,,24/09/2026 11:50
5867d9fe-b366-4ad8-9bd6-e6f3eb63ad91,systems.band,available,17.48,39.98,medium,low,7,namecheap,,,27/09/2026 02:29
ccf4ca62-e178-4e67-8503-73b97979e8ce,apodemus.band,available,17.48,39.98,medium,low,8,namecheap,,,19/09/2026 18:19
7f7e6565-02f7-48fb-88ed-9b0b2e645c7c,absentee.band,available,17.48,39.98,medium,low,8,namecheap,,,16/09/2026 17:43
df127a42-ebc5-4950-ba3f-a66f7535c367,fecal.band,available,17.48,39.98,medium,low,5,namecheap,,,17/08/2026 20:38
babf1261-92f6-43dd-9bf8-d1a9ffe4f460,demonstrates.band,available,17.48,39.98,medium,low,12,namecheap,,,20/09/2026 23:55
dc7a163b-84b4-4c67-981f-59deb9ae0909,insulting.band,available,20.99,31.49,medium,low,9,namesilo,,,23/09/2026 21:52
0ad4d6e4-8ee2-461d-902e-becff92fb8af,deep.band,resell,,,high,medium,4,"Xiamen ChinaSource Internet Service Co., Ltd",21/02/2025 15:16,21/02/2027 15:16,26/09/2026 05:27
eb948688-a9f1-4485-8b8f-dddbc4d7cbe5,seventy.band,available,17.48,39.98,high,low,7,namecheap,,,
9dd9eb77-a61d-4fe3-a9aa-f4292270254d,donald.band,available,17.48,39.98,high,low,6,namecheap,,,25/09/2026 18:48
8ca7f800-182b-4aaa-91ce-ca7c833da4e3,utmost.band,available,20.99,31.49,high,low,6,namesilo,,,24/09/2026 17:09
e33cccd1-f625-4c03-b717-8c1bbf1c620c,nobly.band,available,17.48,39.98,medium,low,5,namecheap,,,15/09/2026 16:42
369d1214-da27-4032-803a-0e8c6fa2be3f,prissily.band,available,17.48,39.98,low,low,8,namecheap,,,15/09/2026 21:29
8662e979-a1f1-4edf-8607-f8fc348c41fd,lloyd.band,available,20.99,31.49,high,low,5,namesilo,,,25/09/2026 06:57
6b622069-eb09-4a83-8b08-3ab6256a2901,hooter.band,available,20.99,31.49,high,low,6,namesilo,,,21/09/2026 07:22
6d50281e-e300-45ad-87ab-12edca5bac05,dished.band,available,17.48,39.98,medium,low,6,namecheap,,,14/08/2026 10:52
ae2f48a2-ecd8-4930-9793-4d2f17d94610,comprehend.band,available,29.99,,high,low,10,name.com,,,
2b3a7476-55eb-4f33-8494-80359decdb7f,cactus.band,available,20.99,31.49,high,low,6,namesilo,,,24/09/2026 11:36
fdc1b070-02f8-4caa-9831-7c8869b3cfab,cambridge.band,available,20.99,31.49,high,low,9,namesilo,,,24/09/2026 11:51
e8d07b02-bfa5-4368-85d2-350f21179038,confluent.band,available,17.48,39.98,high,low,9,namecheap,,,12/08/2026 21:07
d3193e02-8b36-492b-ab02-47abf61d75f3,abysmal.band,available,17.48,39.98,medium,low,7,namecheap,,,
780f2ac1-c913-4a51-9f5e-f84670b98aea,uncolored.band,available,17.48,39.98,medium,low,9,namecheap,,,12/09/2026 02:06
aedf6529-18c2-4a91-beb4-9a585c927350,viral.band,available,17.48,39.98,high,medium,5,namecheap,,,13/09/2026 05:53
70da235a-b3ed-44ae-9ee5-153285642288,occupant.band,available,17.48,39.98,high,low,8,namecheap,,,09/09/2026 14:52
ff0d4096-586d-4af6-8411-a17a02d840b2,discuss.band,available,29.99,,high,low,7,name.com,,,
2b3602c3-52b2-49bc-9eb1-02a78fd6b179,preview.band,available,29.99,,high,low,7,name.com,,,
2b29fcc6-fbf0-4a5d-ab0d-86c84c91f084,satanic.band,available,20.99,31.49,medium,low,7,namesilo,,,24/09/2026 05:47
aa809c9d-c62b-425b-b8a9-481080f06341,debile.band,available,29.99,41.99,medium,low,6,name.com,,,13/08/2026 20:28
8fd8901e-8c24-489d-8abc-25387d2233ad,racking.band,available,17.48,39.98,medium,low,7,namecheap,,,09/09/2026 09:25
271bb195-14f7-4abe-815a-6c2cc2b69df2,patriotic.band,available,20.99,31.49,high,low,9,namesilo,,,27/09/2026 03:06
3d54a4f7-c27f-4c5e-b180-8b4f415572ff,cheapjack.band,available,17.48,39.98,medium,low,9,namecheap,,,12/08/2026 03:25
fceade9f-3566-410b-86a6-e28c8b6ac673,successful.band,available,29.99,,high,low,10,name.com,,,
8d926fd7-6ff9-4e26-b275-cf644440a521,goosey.band,available,17.48,39.98,medium,low,6,namecheap,,,14/08/2026 16:06
2745d037-cddb-4119-b92a-e856f1ba70f6,bonzer.band,available,17.48,39.98,medium,low,6,namecheap,,,10/08/2026 19:02
69a40e54-abbb-44c1-95d8-7b4003a394b7,shapeless.band,available,17.48,39.98,medium,low,9,namecheap,,,
9fdb703a-9bbb-4320-9896-9f9ca7d9ff5d,personnel.band,available,20.99,31.49,high,low,9,namesilo,,,27/09/2026 15:14
956db6e7-9240-40c0-8f36-0cfe4e96f474,adulation.band,available,17.48,39.98,medium,low,9,namecheap,,,17/09/2026 10:04
7e319375-b617-4a31-b9a7-32378f8d3fcb,asterope.band,available,17.48,39.98,low,low,8,namecheap,,,20/09/2026 17:16
36af52af-de97-4898-b8a6-0386e3263612,underage.band,available,17.48,39.98,high,low,8,namecheap,,,03/09/2026 18:43
0a1f7040-4122-4fe6-a330-c5988e6848df,shitty.band,available,17.48,39.98,high,low,6,namecheap,,,13/08/2026 05:14
796dfbd0-e11d-4117-8b0c-0ff3eee0c809,tyro.band,available,20.99,31.49,high,low,4,namesilo,,,23/09/2026 02:27
4ec1793e-5073-4942-b32c-afd0b84eafe6,snaps.band,available,20.99,31.49,medium,low,5,namesilo,,,18/09/2026 11:55
2178a3f0-6454-47b8-9da4-a08e3dbe9223,bra.band,available,29.99,,high,low,3,name.com,,,
1d0b2b43-5dd1-4c89-8ab4-2b7450b5ec91,puissant.band,available,17.48,39.98,medium,low,8,namecheap,,,09/09/2026 05:53
795053aa-da36-424a-ab3f-d179d64e1c8b,teachable.band,available,17.48,39.98,high,low,9,namecheap,,,11/09/2026 09:34
f8a76443-be26-4e2c-9e72-98e5c1ba2b4a,ellsworth.band,available,20.99,31.49,medium,low,9,namesilo,,,27/09/2026 13:20
c999dc76-088a-46ac-a2e8-4929c8df8c9a,inviolable.band,available,17.48,39.98,medium,low,10,namecheap,,,21/08/2026 23:02
88408603-14b3-4ae2-a1db-37e87b38b75d,phonic.band,available,17.48,39.98,high,low,6,namecheap,,,08/09/2026 19:06
d90baf6d-9c3d-4a43-b93f-ca6bb6c495ce,dances.band,available,29.99,,high,low,6,name.com,,,
74f24397-aaac-42a7-97eb-7f3444f7376f,sentence.band,available,29.99,,high,low,8,name.com,,,
7344ba39-cbe5-4418-988c-90694db99d48,shake.band,available,17.48,39.98,high,low,5,namecheap,,,25/09/2026 06:52
ef91864f-c2ef-4618-abe1-7a437833e28c,ayurveda.band,available,20.99,31.49,high,low,8,namesilo,,,21/09/2026 10:52
acaf21be-cc31-4046-8136-ac0a6e2e7df8,plays.band,available,20.99,31.49,high,low,5,namesilo,,,18/09/2026 05:50
3a957a22-5d74-4328-8570-4f5107159d0e,corrugated.band,available,17.48,39.98,medium,low,10,namecheap,,,13/08/2026 02:13
78a535e9-0d20-4eb7-8a7d-2577a82ec5ff,impression.band,available,29.99,,high,low,10,name.com,,,
82f4c211-dc0a-4662-8aa1-eae3df339c5c,pray.band,available,29.99,,high,low,4,name.com,,,
170709b6-1eae-44e5-a8d7-8edd5adab54e,promotions.band,premium,78.54,78.54,high,low,10,namesilo,,,20/09/2026 23:27
d44a613e-e4bf-45a6-b3fd-8f594ffadea5,pinked.band,available,20.99,31.49,medium,low,6,namesilo,,,20/09/2026 15:51
e493ce0c-2c52-4f2c-968a-838f7da5064d,ithaca.band,available,20.99,31.49,high,low,6,namesilo,,,27/09/2026 14:23
5f93de09-ddd4-47c5-83f9-f0754ed9461c,ardeb.band,available,20.99,31.49,medium,low,5,namesilo,,,20/09/2026 03:06
26aa8583-039a-4780-904d-b610d5282f9c,actively.band,available,29.99,,high,low,8,name.com,,,
39b232b2-0162-4e1b-ac22-9a07c6593666,ancylus.band,available,20.99,31.49,medium,low,7,namesilo,,,19/09/2026 03:54
13153849-2fe9-41f2-a406-d76084ff8600,syllabled.band,available,17.48,39.98,medium,low,9,namecheap,,,11/09/2026 06:00
49699f7f-d065-45b2-b848-17d6ddb9f6b9,testing.band,available,29.99,,high,low,7,name.com,,,
accc1e1b-f5d9-488a-88c0-2aca528398f9,addition.band,available,20.99,31.49,high,low,8,namesilo,,,27/09/2026 06:35
c1ae9c4c-013e-4ca5-9390-a7931b407df3,groomed.band,available,17.48,39.98,high,low,7,namecheap,,,20/08/2026 20:15
5c545b7c-350a-4c34-b10a-6f85d1a1e094,sonsy.band,available,17.48,39.98,medium,low,5,namecheap,,,10/08/2026 20:35
3bc0e8e6-37f1-4261-842f-16f9606b57b0,hideous.band,available,17.48,39.98,medium,low,7,namecheap,,,21/08/2026 08:13
f1666aab-7d44-41a0-b467-e2a34e9b0da1,semi.band,available,20.99,31.49,high,low,4,namesilo,,,20/09/2026 11:18
367eaaac-8861-430a-bc8e-c9e9073990ac,await.band,available,29.99,,high,low,5,name.com,,,
53522e60-a8fc-4154-afbb-c5f2571675c5,anhydride.band,available,20.99,31.49,medium,low,9,namesilo,,,19/09/2026 08:24
834e50cf-8455-4905-8f6b-bece14c5d66e,planners.band,premium,118.8,118.8,medium,low,8,namesilo,,,21/09/2026 08:32
f7fa551f-ff2f-4e6c-bf61-b4b9ada4b542,brisk.band,available,17.48,39.98,high,low,5,namecheap,,,27/09/2026 06:39
623b33cd-c034-41b5-bb59-5f3572098a4a,scapegrace.band,available,20.99,31.49,medium,low,10,namesilo,,,24/09/2026 01:41
d051a7ac-032c-4b8c-a974-198511ae20f7,rounder.band,available,17.48,39.98,medium,low,7,namecheap,,,23/08/2026 00:51
0894b60e-3a25-441a-b435-dcdb23f14a28,nigel.band,available,24.2,24.2,high,low,5,cloudflare,,,27/09/2026 17:08
63811f7f-4a88-4452-8c2f-59c0fb3c8b60,kirkland.band,available,,,high,high,8,,,,
b47a51f4-faac-423c-93d2-3fd36b6cb3b8,compromise.band,available,29.99,41.99,high,low,10,name.com,,,24/09/2026 16:54
59e2590b-475c-4676-8dd7-89e6856a0514,ungentle.band,available,17.48,39.98,medium,low,8,namecheap,,,12/09/2026 11:11
7cb39406-bad7-4984-9317-76b1d73c0c0d,kind.band,available,17.48,39.98,high,low,4,namecheap,,,25/09/2026 12:40
99b2e1b3-20c4-4fc3-a2d3-c776c22e10c8,droning.band,available,17.48,39.98,medium,low,7,namecheap,,,25/08/2026 05:28
466ab65e-c166-4000-af96-ed1101792e6b,drippy.band,available,17.48,39.98,medium,low,6,namecheap,,,09/08/2026 00:32
183413a5-fc0a-49f3-bbb6-5c7ad8e489bc,spill.band,available,15.73,25.04,high,low,5,spaceship,,,27/09/2026 15:56
e249a480-a291-432c-9911-7319e5287e21,amusingly.band,available,17.48,39.98,medium,low,9,namecheap,,,13/09/2026 19:40
5c276b41-f99a-4033-9e81-7aa655056c85,troll.band,available,29.99,,high,low,5,name.com,,,
ca4c7369-e7be-4361-a03d-ecae6ae32753,blewit.band,available,17.48,39.98,low,low,7,namecheap,,,17/09/2026 21:32
85938799-0a20-4491-8faa-9b134dc3dfcc,acinose.band,available,17.48,39.98,medium,low,7,namecheap,,,
97428921-1423-4b35-a7b4-fb7b9cec66f4,ciliate.band,available,17.48,39.98,medium,low,7,namecheap,,,12/08/2026 08:06
7f9cfe33-3872-4d38-9a9d-73fa83b008af,prussian.band,available,17.48,39.98,high,low,8,namecheap,,,09/09/2026 04:50
a06f87f8-ab2a-4089-9367-10194a92d143,beano.band,available,17.48,39.98,medium,low,5,namecheap,,,22/09/2026 20:40
340d61c5-f48e-4ed4-b2f1-04ae8d0f8105,dresser.band,available,20.99,31.49,medium,low,7,namesilo,,,17/09/2026 05:17
c42abf85-f061-45b8-8312-3a405ec30b58,virago.band,available,20.99,31.49,medium,low,6,namesilo,,,18/09/2026 16:19
53f0b7fe-c9df-4b60-af66-99c76a30ef65,unequalled.band,available,17.48,39.98,high,low,10,namecheap,,,12/09/2026 09:11
2a146e87-f1e3-466f-a332-665072332bd0,safest.band,available,20.99,31.49,high,low,6,namesilo,,,20/09/2026 20:39
02e09667-689d-4032-8895-085e7dfc69ff,having.band,available,29.99,,high,low,6,name.com,,,
f0f6dbda-969a-4879-b1c3-5e4a1e1ad8bf,broadloom.band,available,17.48,39.98,medium,low,9,namecheap,,,11/08/2026 04:59
8b0ef4d4-5aaf-423d-936e-3eb55726c203,crate.band,available,17.48,39.98,high,low,5,namecheap,,,24/09/2026 19:07
14f9de21-0ca9-440e-84db-57d6ad2ce2aa,downcast.band,available,17.48,39.98,medium,low,8,namecheap,,,14/08/2026 17:33
32895412-ad76-4fab-b12c-e64dac6bb889,overfed.band,available,17.48,39.98,medium,low,7,namecheap,,,04/09/2026 20:33
ad3fdcb5-b7c8-4faf-a669-c70d4bedd3d3,algin.band,available,20.99,31.49,medium,low,5,namesilo,,,18/09/2026 07:04
72209de8-39e3-43ba-a139-d1d31ec63ad8,dancing.band,premium,118.8,118.8,high,low,7,namesilo,,,25/09/2026 04:44
7b1fa1df-9323-40b3-a22e-b4cb9055742a,acorus.band,available,20.99,31.49,medium,low,6,namesilo,,,17/09/2026 02:25
5d450124-c723-44da-84a6-2565ed929456,selflessly.band,available,17.48,39.98,medium,low,10,namecheap,,,13/09/2026 19:23
ade44993-f998-48fc-9cc4-6016ace1ee11,vet.band,premium,118.8,118.8,high,low,3,namesilo,,,13/09/2026 05:01
8da615ae-1437-4a3c-8fc7-09e297779787,exaggerate.band,available,29.99,,high,low,10,name.com,,,
1fcaa1b9-3007-4295-8fce-235fb6fc19a7,tubular.band,available,17.48,39.98,medium,low,7,namecheap,,,11/08/2026 17:14
2970c1dd-7233-4926-b8bf-8145769eee9f,stopped.band,available,20.99,31.49,high,low,7,namesilo,,,28/09/2026 01:05
35651a1f-7ade-4743-a8f3-29e32fe76f64,catarrhine.band,available,17.48,39.98,medium,low,10,namecheap,,,11/08/2026 21:11
1789f9d6-2dd3-4d8a-a803-ef4d4dd78462,delegation.band,available,17.48,39.98,high,low,10,namecheap,,,24/09/2026 21:32
60a6ee5d-d962-41b8-b4aa-0726aa816be2,rarefy.band,available,17.48,39.98,medium,low,6,namecheap,,,07/08/2026 15:31
0876bcd2-d875-4c52-968f-2e7c91a8fe37,uninspired.band,available,17.48,39.98,medium,low,10,namecheap,,,12/09/2026 13:05
7d005776-484a-44e7-aa7b-ceda9bb6b3d9,commence.band,available,17.48,39.98,high,low,8,namecheap,,,23/09/2026 02:22
5fab9878-b9ee-41d4-9a7b-89f977dc1895,relies.band,available,20.99,31.49,medium,low,6,namesilo,,,20/09/2026 06:27
3c515f52-661a-4c56-9cc5-820188749ab0,dumped.band,available,17.48,39.98,low,low,6,namecheap,,,27/09/2026 03:17
6eed6368-e469-492a-8f2f-5c93885b6c92,examine.band,available,29.99,,high,low,7,name.com,,,
15a16da2-a764-42f8-989e-70c810ed05aa,discourse.band,available,20.99,31.49,high,low,9,namesilo,,,23/09/2026 22:52
b609c886-2fef-4f4f-96e3-5488fcd0a758,sack.band,available,17.48,39.98,high,low,4,namecheap,,,03/09/2026 15:56
d1db533d-296f-4e27-b616-671c9ae5e06f,irenic.band,available,17.48,39.98,high,low,6,namecheap,,,22/08/2026 09:48
276b6d36-8ea4-4efe-9e2c-e74bb73116ee,amuck.band,available,17.48,39.98,medium,low,5,namecheap,,,
1103cfe3-0845-4d6d-88b5-2d6c992d40a5,messaging.band,available,17.48,39.98,high,low,9,namecheap,,,25/09/2026 03:29
c02b30ec-3f22-4eb0-8616-a5da748d52aa,annotation.band,available,17.48,39.98,high,low,10,namecheap,,,19/09/2026 10:38
e86c63f5-2fd5-4e39-a3fc-5af0dc4753b1,granted.band,available,20.99,31.49,high,low,7,namesilo,,,24/09/2026 22:19
3265ff0e-5ed5-4f91-bde3-499d106603f2,puglia.band,available,17.48,39.98,high,low,6,namecheap,,,19/09/2026 22:41
54966f8e-74f8-4ea2-9949-540ed3a8743e,medically.band,available,17.48,39.98,medium,low,9,namecheap,,,15/09/2026 13:56
d9b79a48-6df0-488a-9f63-32bd8aa03986,glassed.band,available,17.48,39.98,medium,low,7,namecheap,,,20/08/2026 14:07
2ec6b054-949a-42e9-a593-c238d263b888,aeriferous.band,available,17.48,39.98,medium,low,10,namecheap,,,
4ba1a765-75ce-49e1-800d-a6999497bc4a,oddball.band,available,17.48,39.98,high,low,7,namecheap,,,14/08/2026 23:25
6eaf43c4-acd3-49a5-a640-7f752c3f388d,topnotch.band,available,17.48,39.98,high,low,8,namecheap,,,
73d353e7-3aa9-46fd-ac8f-f1f43f4bc087,gladys.band,available,20.99,31.49,medium,low,6,namesilo,,,26/09/2026 03:41
c49122b2-b5d6-46b6-9e9e-ba914a0eb317,encircled.band,available,17.48,39.98,medium,low,9,namecheap,,,16/08/2026 22:19
770633f4-8ad4-4212-b73a-d43ee6a50e00,yearlong.band,available,17.48,39.98,medium,low,8,namecheap,,,13/09/2026 14:24
5f1f3ada-4478-4d8c-af9e-1c53511d17c5,surd.band,available,17.48,39.98,medium,low,4,namecheap,,,11/09/2026 03:41
77418481-36be-4427-8ef1-95c7b5a9226b,saddening.band,available,29.99,,medium,low,9,name.com,,,
8b23e5e1-f4a1-4e55-99fc-1103aa1c87a1,absorbent.band,available,17.48,39.98,high,low,9,namecheap,,,
6be6642f-a57b-44d9-a9ce-c4b61ccfd7ee,affinal.band,available,17.48,39.98,medium,low,7,namecheap,,,
3a4752c3-d941-4d06-9c92-4874fb1991aa,unstable.band,available,17.48,39.98,high,low,8,namecheap,,,18/08/2026 09:17
143693e4-1293-4c98-8bdf-7f0a9da82326,hernandez.band,available,20.99,31.49,high,low,9,namesilo,,,25/09/2026 16:13
131f7cde-8388-4838-a688-5fcc3547c11a,wedding.band,premium,1107,1107,high,low,7,namesilo,,,
1160280c-22b9-4a00-a778-ed216bf8d0be,intently.band,available,17.48,39.98,medium,low,8,namecheap,,,15/09/2026 08:56
4a6c3489-9bf4-46ed-bf35-ca12dc6540de,bather.band,available,20.99,31.49,medium,low,6,namesilo,,,22/09/2026 13:31
8f9580fa-b642-4fc4-b220-8c319153d6a4,veterinary.band,available,17.48,39.98,high,low,10,namecheap,,,13/09/2026 05:00
e1348d9d-c8b6-4c6e-b16e-e1a6c0cd05fa,stripping.band,available,20.99,31.49,medium,low,9,namesilo,,,22/09/2026 05:59
5f6133c7-f664-49a9-89dd-6ad230865729,suicide.band,available,20.99,31.49,high,low,7,namesilo,,,25/09/2026 05:57
bc5e0035-71e8-48ec-920f-b2ba596b3eea,ire.band,premium,35.4,35.4,medium,low,3,namesilo,,,19/09/2026 06:05
e2353b6b-98d8-4659-9de5-37598a701b8f,bruxelles.band,available,17.48,39.98,high,low,9,namecheap,,,23/09/2026 04:57
e4a149ea-52fe-4993-b8d6-7c3063e1f250,nagging.band,available,17.48,39.98,medium,low,7,namecheap,,,03/09/2026 12:41
3b6b4c91-f237-40b6-9f60-b432bb4f3571,epicurean.band,available,17.48,39.98,high,low,9,namecheap,,,17/08/2026 10:40
f3e179ed-ed8b-4f80-8421-6b177c9fc244,neglected.band,available,17.48,39.98,medium,low,9,namecheap,,,21/08/2026 18:36
547b3f02-04ef-4794-bac7-52d62066dc98,ducky.band,available,29.99,41.99,high,low,5,name.com,,,13/08/2026 18:23
15281897-67d3-42db-a383-229ecc72f579,kicking.band,available,29.99,,high,low,7,name.com,,,
a887ff9b-2b3d-4ae0-b03b-3a1b47f603d7,paranoid.band,available,17.48,39.98,high,low,8,namecheap,,,08/09/2026 01:06
70387f6e-683b-4574-923a-f89cef4fb2ae,provinces.band,available,20.99,31.49,medium,low,9,namesilo,,,18/09/2026 15:35
f75c1701-7c23-451b-ba93-6d7f57996fe5,encourage.band,available,29.99,,high,low,9,name.com,,,
e0e0a557-ed62-46e7-b3ec-1e212ee66ec9,mckenzie.band,available,17.48,39.98,high,low,8,namecheap,,,25/09/2026 12:28
78995154-ed0b-4dba-a3c4-08938293d365,aunty.band,available,29.99,41.99,high,low,5,name.com,,,21/09/2026 04:13
58bb5ec7-ef2e-4dca-ae68-9da6a8e0fe47,irritated.band,available,17.48,39.98,medium,low,9,namecheap,,,
d7b890c8-efef-4d18-b07e-24e1e6104356,dullard.band,available,17.48,39.98,low,low,7,namecheap,,,10/09/2026 23:07
642bedd4-f657-4bd9-8bf7-48d163487da5,matai.band,available,20.99,31.49,medium,low,5,namesilo,,,24/09/2026 01:23
adcf4007-c6b4-482a-add0-4d45ec52e49f,cocks.band,available,20.99,31.49,medium,low,5,namesilo,,,18/09/2026 23:39
7cea4ef8-3df5-4491-8803-34f782e9b15c,sororal.band,available,17.48,39.98,medium,low,7,namecheap,,,10/09/2026 08:56
2df26ec1-d36a-4f52-a900-99c44308fee1,cuneiform.band,available,17.48,39.98,medium,low,9,namecheap,,,13/08/2026 10:34
8807077c-01f2-4385-97ee-833b0b58d9eb,troublous.band,available,17.48,39.98,low,low,9,namecheap,,,11/09/2026 20:27
2eebd753-c5bf-4a7d-8527-a02b7a64bfa1,superlunar.band,available,17.48,39.98,medium,low,10,namecheap,,,11/09/2026 02:21
7affb03f-584c-4a9c-9c10-61e389a087e5,remedial.band,available,20.99,31.49,high,low,8,namesilo,,,22/09/2026 02:24
189b8b8c-2b65-49a9-a526-97517121a98a,impending.band,available,17.48,39.98,high,low,9,namecheap,,,21/08/2026 20:59
9a020f5c-01af-4298-b1da-efb4598fd51b,fogbound.band,available,17.48,39.98,medium,low,8,namecheap,,,18/08/2026 09:49
949ba6b1-9020-4ce9-a74c-416fa3df533c,chamfer.band,available,20.99,31.49,medium,low,7,namesilo,,,23/09/2026 12:00
d0421048-cf3e-45d1-8aca-7be8ee7f2140,etiolate.band,available,17.48,39.98,medium,low,8,namecheap,,,17/08/2026 13:53
39a5d83d-3909-4b9b-beb1-a803052b4dcd,taunt.band,available,17.48,39.98,medium,low,5,namecheap,,,11/09/2026 09:13
c586d877-6442-412e-8920-3828ac95972f,trollope.band,available,17.48,39.98,medium,low,8,namecheap,,,19/09/2026 13:43
ea4d9241-0962-45c8-96af-debf43cc50a9,cartoon.band,premium,78.54,78.54,high,low,7,namesilo,,,19/09/2026 08:59
65e1c864-5231-4edc-80c2-33c55b06b0d6,underlying.band,available,17.48,39.98,high,low,10,namecheap,,,21/08/2026 22:41
cb4cdee1-2e00-46bb-9a5f-de038b4fda4f,palladio.band,available,20.99,31.49,medium,low,8,namesilo,,,19/09/2026 04:26
2fa800c7-2f40-4377-a5e5-38be5151c434,chatham.band,available,20.99,31.49,medium,low,7,namesilo,,,25/09/2026 15:25
7fe9e7ae-ffec-45f8-b342-2a74c8c1aee4,equable.band,available,17.48,39.98,high,low,7,namecheap,,,17/08/2026 11:33
e9762935-b2b3-4c95-ac90-6c441db5c471,flipped.band,available,17.48,39.98,medium,low,7,namecheap,,,18/09/2026 12:06
41561b72-d28e-40ea-aeeb-eabb3c6e2c6c,chronic.band,available,17.48,39.98,high,low,7,namecheap,,,12/08/2026 07:24
71e463aa-b0af-4287-a999-0c241bbf04f9,astrogator.band,available,17.48,39.98,medium,low,10,namecheap,,,20/09/2026 17:41
dbbb8395-a3bd-4cf3-9cc4-0539cff15acc,structures.band,available,29.99,,medium,low,10,name.com,,,
2615a723-2a1c-4689-a94b-4294a4544670,forecast.band,available,20.99,31.49,high,low,8,namesilo,,,21/09/2026 03:40
93c9d959-408d-4658-8ecb-5f45901b31bf,flowing.band,available,20.99,31.49,high,low,7,namesilo,,,27/09/2026 06:40
a9f54d1b-479b-4b19-9155-f17fb802e13a,dextral.band,available,17.48,39.98,medium,low,7,namecheap,,,14/08/2026 05:28
11287c30-6f48-4a94-9d01-289714ac6a36,anita.band,available,20.99,31.49,high,low,5,namesilo,,,25/09/2026 15:32
049802df-f609-46a9-b57f-52085892bd1f,dryly.band,available,17.48,39.98,medium,low,5,namecheap,,,14/09/2026 14:21
e216d182-8e19-4ef0-a7e0-26546dd673db,deepening.band,available,17.48,39.98,medium,low,9,namecheap,,,13/08/2026 23:00
cd112c3b-e440-4378-8aed-38e8017d9789,annoyed.band,available,17.48,39.98,medium,low,7,namecheap,,,22/09/2026 05:18
27a52e63-ffa0-4f54-9305-a2f8fdac5bbc,pouring.band,available,17.48,39.98,high,low,7,namecheap,,,20/08/2026 21:01
f7e8949a-72cb-46cd-8ab8-4c5672bd31b3,humans.band,premium,35.4,35.4,high,medium,6,namesilo,,,
80b14b8a-8d4e-4eef-908b-2c4b94d0f48c,thoroughly.band,available,17.48,39.98,medium,low,10,namecheap,,,14/09/2026 17:01
356701fc-1fb1-401d-9674-e6710fd386b7,undertake.band,available,20.99,31.49,high,low,9,namesilo,,,24/09/2026 17:44
d8d2ee62-e1f9-4268-a5f4-a37e4d40cf41,missile.band,available,20.99,31.49,high,low,7,namesilo,,,27/09/2026 07:17
e77556a7-399e-43a5-be5b-5d8bc05b4b57,tamely.band,available,20.99,31.49,medium,low,6,namesilo,,,16/09/2026 07:53
b4753480-c2ff-4b95-b54b-4e70e7b71d28,twee.band,available,29.99,41.99,medium,low,4,name.com,,,13/08/2026 15:49
fd6e45e9-902f-472c-91d8-58e653d7d32f,deface.band,available,20.99,31.49,medium,low,6,namesilo,,,24/09/2026 05:35
f6d8f8da-214e-4739-be6b-88df3b60e58a,dormy.band,available,17.48,39.98,medium,low,5,namecheap,,,14/08/2026 16:22
6c08d8b3-8885-43ba-8de4-395e69dd7de5,position.band,available,20.99,31.49,high,low,8,namesilo,,,19/09/2026 04:25
bf98d06f-ac95-4862-8604-9d28282d23f7,cooler.band,available,17.48,39.98,high,low,6,namecheap,,,24/09/2026 18:05
0d48393f-2ebb-49c5-8e00-8aa517e76bb7,dazzlingly.band,available,17.48,39.98,medium,low,10,namecheap,,,14/09/2026 10:58
f1df7104-f53e-498c-9260-3c58fe45b131,junkie.band,available,20.99,31.49,medium,low,6,namesilo,,,17/09/2026 06:51
8310757d-b1e7-4ae2-bacc-d277a855fc16,gaga.band,available,17.48,39.98,high,low,4,namecheap,,,14/08/2026 14:34
9f6de240-cac4-4d87-9558-fa4c76f0a0f8,fanta.band,available,29.99,,high,low,5,name.com,,,
f9f3b13d-1ab4-4760-80c3-6c6d59c9f9ea,plodder.band,available,17.48,39.98,medium,low,7,namecheap,,,10/09/2026 20:23
acb4ece7-9879-4613-8d5f-c63b9f76708c,iii.band,available,,,high,low,3,,,,
b3b1bd6e-5dc4-4c1d-b906-125e28bdd492,squanderer.band,available,17.48,39.98,medium,low,10,namecheap,,,09/09/2026 02:39
98a1bd59-d5b6-4aec-b82d-19d926cefeb4,untrustworthy.band,available,29.99,,medium,low,13,name.com,,,
d339f34e-81d9-4238-a15e-4d509db386e2,georges.band,available,17.48,39.98,medium,low,7,namecheap,,,25/09/2026 15:05
8e61c60b-5ef9-4df9-8819-fdfb24530c97,restlessly.band,available,17.48,39.98,medium,low,10,namecheap,,,15/09/2026 23:29
862652ae-2782-4763-b288-816992f91f2c,toad.band,available,17.48,39.98,high,low,4,namecheap,,,05/08/2026 21:06
617b11ea-f293-4c73-be1e-f8f4f7fd33e8,circularly.band,available,17.48,39.98,medium,low,10,namecheap,,,14/09/2026 06:55
f71a4466-c73c-4930-957a-2c7b3ced7f22,onerous.band,available,17.48,39.98,medium,low,7,namecheap,,,11/08/2026 10:31
e7176ade-9195-4794-bcf1-d0eb1090382f,pee.band,available,17.48,39.98,medium,low,3,namecheap,,,13/09/2026 09:51
71f2e76d-e30e-417f-9356-247434801384,nora.band,available,20.99,31.49,high,low,4,namesilo,,,25/09/2026 14:35
5e3e77a6-6205-4ad4-8ff9-9cab351a6594,qualifier.band,available,29.99,,high,low,9,name.com,,,
147f799d-9c17-4485-82a9-dbe46c8e75b0,rocky.band,available,20.99,31.49,high,low,5,namesilo,,,23/09/2026 01:13
6dfe4ff3-6274-487e-804d-b2f069c0045d,lifelong.band,available,17.48,39.98,high,low,8,namecheap,,,23/08/2026 01:51
83004aaa-a204-4d1d-adfe-6d52947cc3b2,twilight.band,available,17.48,39.98,high,low,8,namecheap,,,11/09/2026 21:38
be5e778f-9a63-4849-aa15-5d4611d7c7cf,archival.band,available,17.48,39.98,high,low,8,namecheap,,,06/08/2026 15:53
6ceb326a-f3ee-4854-bc01-a12ec47059d5,walden.band,available,20.99,31.49,medium,low,6,namesilo,,,27/09/2026 08:12
b235bd1b-3d76-44e3-a285-5bb8da076e39,humboldt.band,available,20.99,31.49,high,low,8,namesilo,,,22/09/2026 07:04
d6febc3d-5627-4e1b-976f-1072ad0dfed1,naseby.band,available,17.48,39.98,medium,low,6,namecheap,,,22/09/2026 15:31
aeb8c5b9-ba7d-423f-bb65-ba7a78ab1add,cucumbers.band,available,20.99,31.49,high,low,9,namesilo,,,20/09/2026 10:05
777e0b5c-6349-429e-abe0-bfd4324536c3,eight.band,available,20.99,31.49,high,low,5,namesilo,,,21/09/2026 13:20
1d0a6ad0-fd93-4934-b8b4-b5eaa510cb91,adnexa.band,available,20.99,31.49,medium,low,6,namesilo,,,17/09/2026 09:05
fedf4b43-0902-4968-b9b2-2d29e512ca0e,pressing.band,available,20.99,31.49,high,low,8,namesilo,,,27/09/2026 05:26
ae2921df-a624-4471-a5ef-269bae9c4def,profuse.band,available,17.48,39.98,high,low,7,namecheap,,,24/08/2026 11:47
b877a6f3-7bda-4e76-94e3-df81cefb552f,jasmine.band,available,17.48,39.98,high,low,7,namecheap,,,08/09/2026 14:04
d78271c5-95fd-432b-ae9b-5bfe592c09af,feminist.band,available,17.48,39.98,high,low,8,namecheap,,,18/08/2026 01:02
ae150299-50d1-449f-bdc5-9dabcde04fd1,viviparous.band,available,17.48,39.98,medium,low,10,namecheap,,,24/08/2026 07:53
376af8ed-c8d8-479f-aec3-a0e5f07e1ffc,streetwise.band,available,17.48,39.98,high,low,10,namecheap,,,10/09/2026 22:26
f7754801-aaaf-4feb-a735-dec9a9f06df4,saccade.band,available,17.48,39.98,medium,low,7,namecheap,,,22/08/2026 12:47
e21eaa97-23b3-4a69-a4c0-f32a73a2484e,junket.band,available,20.99,31.49,high,low,6,namesilo,,,22/09/2026 03:02
5228a4be-8d4b-45f2-9f46-50e30828de0e,catclaw.band,available,20.99,31.49,medium,low,7,namesilo,,,23/09/2026 23:59
289a4fc1-25d5-4a68-82c3-94efaa46e9aa,excited.band,available,20.99,31.49,high,low,7,namesilo,,,24/09/2026 15:55
fe3bf642-caca-4818-837e-88e1df66089f,fifth.band,available,17.48,39.98,high,low,5,namecheap,,,
c7b4907c-2cd9-4f99-9d0d-8db733ae9b7c,flew.band,available,29.99,,high,low,4,name.com,,,
e0e8fbba-d29f-4deb-819f-9eab73bf7e9d,flowerbed.band,available,20.99,31.49,high,low,9,namesilo,,,22/09/2026 22:58
90d60755-c42f-4550-88cc-78e16bc11351,grim.band,available,17.48,39.98,medium,low,4,namecheap,,,14/08/2026 11:41
bdbb23de-bcf9-4d4c-8430-a00149a510da,rightly.band,available,17.48,39.98,high,low,7,namecheap,,,15/09/2026 10:16
cbd5488e-c42a-4475-a9c5-ca35f11afa47,qaeda.band,available,20.99,31.49,high,low,5,namesilo,,,18/09/2026 00:59
2b59b642-b653-4b7c-a953-04e8dde3a723,isolated.band,available,20.99,31.49,medium,low,8,namesilo,,,22/09/2026 07:07
fa62a444-7cc1-4737-8b13-fdc51d74ec65,review.band,premium,1300,1300,high,medium,6,namecheap,,,
6cc71e37-4f62-4b3e-ac53-aa0a681aecf5,accident.band,available,29.99,,high,low,8,name.com,,,
1928e29a-7327-4f94-80d1-502fc34c89a9,outermost.band,available,17.48,39.98,high,low,9,namecheap,,,04/09/2026 19:17
0b959ade-fbd6-4554-8f52-680b4b32daca,neutrality.band,available,29.99,,high,low,10,name.com,,,
e37af789-70b5-4b51-b6e9-949405418c68,relating.band,available,29.99,,high,low,8,name.com,,,
20835176-b5d7-4c1c-8370-c22138f2b4e5,superhuman.band,available,17.48,39.98,high,low,10,namecheap,,,11/09/2026 02:16
958ddd50-4685-4d32-a0f1-99361e0552a4,rimless.band,available,17.48,39.98,medium,low,7,namecheap,,,09/09/2026 17:43
63e2d845-d813-4eba-818a-733e20d0edb4,ricefield.band,available,29.99,,medium,low,10,name.com,,,
661ee2eb-fd81-4f2a-98e3-9e89dd7f394d,pseudonym.band,premium,1107,1107,high,low,9,namesilo,,,19/09/2026 11:33
79351406-90e9-49b2-9dcf-b64510424900,audiotape.band,available,20.99,31.49,high,low,9,namesilo,,,21/09/2026 03:01
181854b5-0883-4aaa-a51d-bdbdc5bd0ca2,shyly.band,available,17.48,39.98,medium,low,5,namecheap,,,13/09/2026 23:37
20a1c1d6-6a01-4105-a7dd-f5e559fe9aeb,aquitaine.band,available,20.99,31.49,medium,low,9,namesilo,,,19/09/2026 23:17
c958d76e-0c3d-4399-a967-b01288213fa7,temporary.band,available,20.99,31.49,high,low,9,namesilo,,,25/09/2026 07:53
8e065801-a742-4ccd-9fbb-3ac612ee9152,lengthwise.band,available,17.48,39.98,medium,low,10,namecheap,,,22/08/2026 23:38
662887b9-7f22-48fd-b9bb-c077fc6fd4e3,misprint.band,available,17.48,39.98,medium,low,8,namecheap,,,24/08/2026 02:49
4f949df9-9b99-47cc-8620-b8c0a55dcabb,protozoan.band,available,17.48,39.98,medium,low,9,namecheap,,,09/09/2026 04:12
c1a5c4d3-0c10-4b15-a112-2e73a63bd777,stagey.band,available,17.48,39.98,medium,low,6,namecheap,,,10/09/2026 18:06
166b5623-8680-423e-8d29-776c4532d4ef,acrylate.band,available,29.99,41.99,medium,low,8,name.com,,,17/09/2026 04:05
706f586a-9c76-48f8-8456-f4d338f85469,baba.band,available,17.48,39.98,high,low,4,namecheap,,,21/09/2026 12:09
d4c98996-e977-4c04-bbd8-f3e65906e43d,gyrate.band,available,17.48,39.98,medium,low,6,namecheap,,,10/09/2026 15:51
13bcb5ab-2d2e-4e9c-9619-15818ce83a42,abatement.band,available,20.99,31.49,medium,low,9,namesilo,,,16/09/2026 14:09
81548937-7d60-4635-8113-0d2d1362e3ca,destinies.band,available,20.99,31.49,high,low,9,namesilo,,,20/09/2026 07:12
8e58b441-ded5-4812-85b5-056a9d0e5eed,aiken.band,available,17.48,39.98,high,low,5,namecheap,,,17/09/2026 21:01
e84243d8-a757-425c-9e50-b127d7fe4895,asdic.band,available,20.99,31.49,medium,low,5,namesilo,,,20/09/2026 13:30
127b3660-b7e0-4d55-8f7c-46aaac4ca35c,antacid.band,available,20.99,31.49,high,low,7,namesilo,,,22/09/2026 05:43
b637f270-4d29-4978-8308-be571b3da2dc,gyroscopic.band,available,17.48,39.98,medium,low,10,namecheap,,,20/08/2026 21:21
ca5f7658-d377-48bb-a6c2-170595b755a0,polonium.band,available,20.99,31.49,medium,low,8,namesilo,,,20/09/2026 23:54
ac1862b5-057d-42a2-8683-94db7c8416a7,absolutely.band,available,29.99,,high,low,10,name.com,,,
0c45eecd-018a-44c6-82e1-4c7c9e581337,bookmark.band,available,20.99,31.49,high,low,8,namesilo,,,24/09/2026 07:12
5d8fe759-156c-46d7-bfa7-994fd16594d6,supplicant.band,available,17.48,39.98,medium,low,10,namecheap,,,11/09/2026 03:28
9ac23d9d-ca0a-414d-8afa-095da22747e7,accurst.band,available,17.48,39.98,medium,low,7,namecheap,,,
152bda15-92eb-405c-8ad2-fc2bc0cf6c79,polio.band,available,17.48,39.98,medium,low,5,namecheap,,,17/09/2026 05:40
b04750a6-ceb3-432a-9cfd-8e76ff066246,oppositions.band,available,20.99,31.49,low,low,11,namesilo,,,20/09/2026 21:56
d16a39ca-2a0e-47c2-b45b-dd52fd7d7400,redo.band,available,29.99,,high,low,4,name.com,,,
ff9b32d3-14f9-4b72-96c4-04470cac5bfe,everyplace.band,available,17.48,39.98,medium,low,10,namecheap,,,14/09/2026 16:38
de697a78-12c5-4c16-a93c-242050a607d5,clot.band,available,17.48,39.98,medium,low,4,namecheap,,,12/08/2026 13:36
5d524799-a45e-4b40-8d4b-6a98fb926317,advisor.band,available,20.99,31.49,high,low,7,namesilo,,,25/09/2026 05:10
d4fbb181-d534-48d8-b492-efa78184139c,buena.band,available,15.73,25.04,medium,low,5,spaceship,,,27/09/2026 21:05
8d7b0cf3-1272-4fe0-84d5-ee33d1ff59a9,cagy.band,available,17.48,39.98,medium,low,4,namecheap,,,11/08/2026 13:21
0f6c9fbd-bdea-4c73-9dff-dc20e26498b3,bluster.band,available,17.48,39.98,medium,low,7,namecheap,,,11/08/2026 01:07
99d949de-2f1a-4154-b5cd-af3adc97986f,frenzied.band,available,17.48,39.98,medium,low,8,namecheap,,,18/08/2026 14:21
40b97f9d-a1f4-4684-870c-75bfbca1bbef,autumnal.band,available,17.48,39.98,medium,low,8,namecheap,,,07/08/2026 21:23
5735ebd9-7614-4fad-bcd9-eb77cb0cc93c,eric.band,available,20.99,31.49,high,medium,4,namesilo,,,25/09/2026 11:25
69bd9a8b-b49c-46a9-a177-7619cd444aa6,shu.band,available,16.27,25.9,high,low,3,dynadot,,,27/09/2026 21:11
b7e588b1-52f7-436d-87e1-622790d9ebf2,decayable.band,available,17.48,39.98,low,low,9,namecheap,,,13/08/2026 20:54
7bf834a4-94d1-4e21-bb0a-ae7fc46e51db,learn.band,available,29.99,,high,medium,5,name.com,,,
2d235cd9-f131-416d-a238-79e2505c5596,evaporate.band,available,29.99,,high,low,9,name.com,,,
849a019f-d914-4e60-8483-6028e0c2e31c,hot.band,premium,118.8,118.8,high,medium,3,namesilo,,,19/09/2026 15:25
ffc2e7f7-547b-4e92-af28-e42a337e3167,files.band,available,17.48,39.98,medium,low,5,namecheap,,,25/09/2026 18:34
1391320c-c814-4aa5-8b74-1c0d576b9f93,allophonic.band,available,17.48,39.98,medium,low,10,namecheap,,,
d2b04005-aee4-4e8a-8e7f-9c47ebcf677e,meekly.band,available,17.48,39.98,medium,low,6,namecheap,,,15/09/2026 01:24
8996c8b3-9aa4-4c9b-9fb2-a45840ca8181,arteria.band,available,20.99,31.49,high,low,7,namesilo,,,20/09/2026 10:30
9eb55646-4d2e-4c29-b5cf-ae87bfbad829,sectional.band,available,17.48,39.98,medium,low,9,namecheap,,,10/09/2026 01:18
9d39a738-4a52-40be-b568-cb608ca97121,becket.band,available,17.48,39.98,high,low,6,namecheap,,,22/09/2026 22:36
d9a82889-a230-4edc-bbd9-d36968f62d54,telecom.band,available,29.99,,high,low,7,name.com,,,
51c45ec7-1dc8-4ced-a3b6-4cb3a5339c0b,unwed.band,available,17.48,39.98,medium,low,5,namecheap,,,12/09/2026 22:35
fbdfa17e-a13d-4569-8b5a-4223a5d84258,applet.band,available,17.48,39.98,high,low,6,namecheap,,,19/09/2026 21:38
fc5e6ada-b8db-4381-81c5-650dafa6b8f0,amharic.band,available,17.48,39.98,medium,low,7,namecheap,,,
ea94b7fe-103c-4685-977a-f353e01b6eee,angela.band,available,17.48,39.98,high,low,6,namecheap,,,25/09/2026 13:41
24f7fe4f-b9a9-45e4-9dda-5b9490b5a8f2,alimental.band,available,17.48,39.98,medium,low,9,namecheap,,,
7afbd372-6e7e-4715-9487-a745d6fa0028,mentions.band,available,20.99,31.49,medium,low,8,namesilo,,,17/09/2026 17:25
08a0d778-cb21-4b24-8ff4-bd3939c313ab,agama.band,available,17.48,39.98,medium,low,5,namecheap,,,17/09/2026 16:05
e27e834c-d54a-4ad5-8eae-b5983ec83317,sorely.band,available,17.48,39.98,medium,low,6,namecheap,,,16/09/2026 05:13
ad8ae76c-6195-48ac-9cd2-f223f3e7aac2,conflicted.band,available,29.99,,medium,low,10,name.com,,,
8a3bbb9f-82ae-4ed2-80a6-08a1473754a0,heritable.band,available,17.48,39.98,medium,low,9,namecheap,,,21/08/2026 07:08
d573fbf4-8d85-4bf4-927e-05e4c5043143,anhydrous.band,available,17.48,39.98,medium,low,9,namecheap,,,